date,tenant_id,campaign_spend,website_visits,leads,qualified_leads,new_deals,pipeline_value,churn_rate,conversion_rate
2020-01-01,pulse-demo,3263.14,1427,69,69,8,48519.98,0.1370,0.1159
2020-01-07,pulse-demo,6432.71,2227,153,103,24,77283.73,0.1370,0.1569
2020-01-08,pulse-demo,5785.21,2942,205,92,23,88189.12,0.1475,0.1122
2020-01-17,pulse-demo,5297.24,2644,248,108,29,65419.40,0.1197,0.1169
2020-01-18,pulse-demo,3673.73,1777,102,73,3,23643.16,0.1860,0.0294
2020-01-21,pulse-demo,2723.96,1673,64,33,15,50344.16,0.0080,0.2344
2020-01-22,pulse-demo,3624.05,1710,74,67,11,29325.76,0.1090,0.1486
2020-02-04,pulse-demo,2740.36,1411,137,27,2,43436.98,0.0380,0.0146
2020-02-06,pulse-demo,3059.17,1797,131,67,20,79061.99,0.0760,0.1527
2020-02-07,pulse-demo,2413.08,1400,75,27,3,21145.12,0.0380,0.0400
2020-02-08,pulse-demo,2477.45,1275,78,25,1,76038.44,0.0370,0.0128
2020-02-10,pulse-demo,6547.75,3164,268,142,12,97421.06,0.0295,0.0448
2020-02-16,pulse-demo,3799.30,1578,125,75,10,76054.26,0.0960,0.0800
2020-02-17,pulse-demo,7210.74,3472,292,94,14,61588.26,0.0630,0.0479
2020-02-20,pulse-demo,2465.98,1887,105,63,9,52486.89,0.0820,0.0857
2020-02-22,pulse-demo,3126.56,1806,89,72,11,76000.75,0.1390,0.1236
2020-02-23,pulse-demo,3335.14,1639,74,51,15,47339.34,0.0530,0.2027
2020-02-26,pulse-demo,2285.97,1013,63,30,5,43755.31,0.0160,0.0794
2020-02-28,pulse-demo,3794.72,906,108,63,12,55471.55,0.0330,0.1111
2020-03-06,pulse-demo,2170.51,905,53,48,9,41097.17,0.0020,0.1698
2020-03-10,pulse-demo,2969.67,1472,128,34,14,30676.44,0.0420,0.1094
2020-03-14,pulse-demo,2283.18,1406,76,35,16,52893.39,0.0920,0.2105
2020-03-17,pulse-demo,3886.35,988,127,51,10,75340.83,0.0200,0.0787
2020-03-19,pulse-demo,3547.56,1917,134,73,15,43369.00,0.1960,0.1119
2020-03-27,pulse-demo,2275.75,1690,144,33,20,48157.92,0.1150,0.1389
2020-03-30,pulse-demo,3792.05,1594,119,32,13,21285.39,0.0340,0.1092
2020-03-31,pulse-demo,2613.35,842,142,22,15,23712.33,0.0600,0.1056
2020-04-01,pulse-demo,2057.54,1356,53,32,11,36147.36,0.1840,0.2075
2020-04-02,pulse-demo,5619.73,2400,175,153,12,61024.03,0.0940,0.0686
2020-04-07,pulse-demo,3942.99,1590,87,45,1,21425.87,0.1520,0.0115
2020-04-12,pulse-demo,3062.74,1559,66,53,2,47936.06,0.1840,0.0303
2020-04-13,pulse-demo,8924.41,4603,378,133,49,141495.28,0.0995,0.1296
2020-04-14,pulse-demo,2111.96,1751,88,31,9,34127.03,0.1340,0.1023
2020-04-19,pulse-demo,5445.59,2086,136,114,24,93538.31,0.1255,0.1765
2020-04-20,pulse-demo,2323.43,1057,55,24,2,24557.83,0.1820,0.0364
2020-04-23,pulse-demo,6617.81,2755,169,120,14,52095.64,0.0663,0.0828
2020-04-26,pulse-demo,3297.55,904,130,45,13,44393.36,0.1790,0.1000
2020-04-28,pulse-demo,2224.30,963,77,24,10,52119.57,0.0970,0.1299
2020-05-02,pulse-demo,5877.51,2993,133,51,29,80983.71,0.0996,0.2180
2020-05-09,pulse-demo,2322.29,1076,100,43,16,61341.14,0.0710,0.1600
2020-05-16,pulse-demo,2216.80,912,50,40,15,68401.17,0.0470,0.3000
2020-05-18,pulse-demo,3285.28,872,123,42,20,40247.22,0.0500,0.1626
2020-05-22,pulse-demo,3296.70,1557,52,52,17,73265.56,0.1900,0.3269
2020-05-25,pulse-demo,2839.40,1225,81,45,19,20217.97,0.0780,0.2346
2020-05-30,pulse-demo,2808.11,1225,67,61,1,51586.99,0.1710,0.0149
2020-05-31,pulse-demo,3615.57,1510,99,72,5,55323.33,0.1690,0.0505
2020-06-02,pulse-demo,2973.93,1768,87,22,5,61818.31,0.1340,0.0575
2020-06-04,pulse-demo,2124.37,1822,87,63,4,22024.32,0.1690,0.0460
2020-06-06,pulse-demo,2822.30,1662,128,60,8,53291.08,0.0140,0.0625
2020-06-09,pulse-demo,2307.05,1337,115,57,10,65902.46,0.0080,0.0870
2020-06-10,pulse-demo,5505.35,2920,258,139,15,109350.87,0.0423,0.0581
2020-06-14,pulse-demo,2778.43,1273,68,49,11,34460.68,0.0080,0.1618
2020-06-20,pulse-demo,3180.80,1455,133,36,6,76576.79,0.1720,0.0451
2020-06-21,pulse-demo,2944.14,911,140,30,8,49434.70,0.0600,0.0571
2020-06-23,pulse-demo,5953.31,2859,192,118,31,106568.24,0.0646,0.1615
2020-06-25,pulse-demo,2150.43,1379,102,80,1,59400.28,0.0570,0.0098
2020-07-05,pulse-demo,6209.64,2335,236,55,12,58083.44,0.0905,0.0508
2020-07-08,pulse-demo,3369.15,1024,134,71,14,27651.26,0.1890,0.1045
2020-07-14,pulse-demo,2831.40,1658,124,57,13,49577.24,0.0540,0.1048
2020-07-16,pulse-demo,3960.07,879,72,54,7,46612.61,0.1490,0.0972
2020-07-20,pulse-demo,6274.18,2168,176,64,19,121411.01,0.0091,0.1080
2020-07-25,pulse-demo,7029.64,3176,182,88,22,73036.63,0.0831,0.1209
2020-07-28,pulse-demo,9197.96,4239,388,153,32,136418.82,0.0870,0.0825
2020-07-29,pulse-demo,2043.23,1656,132,70,14,39890.30,0.1640,0.1061
2020-07-31,pulse-demo,2683.70,920,120,67,20,66744.90,0.1000,0.1667
2020-08-01,pulse-demo,3832.53,1086,101,22,14,73200.99,0.1540,0.1386
2020-08-06,pulse-demo,2982.10,1661,114,63,11,77016.66,0.1930,0.0965
2020-08-11,pulse-demo,2851.72,1794,55,55,7,25901.59,0.0320,0.1273
2020-08-12,pulse-demo,2959.21,1560,106,63,19,38422.45,0.0040,0.1792
2020-08-13,pulse-demo,3751.14,1710,77,47,3,66595.99,0.1810,0.0390
2020-08-17,pulse-demo,3326.47,1386,77,71,20,57373.90,0.1810,0.2597
2020-08-18,pulse-demo,3208.51,936,66,66,4,45231.34,0.1700,0.0606
2020-08-19,pulse-demo,5169.37,1988,227,77,19,96573.87,0.1569,0.0837
2020-08-23,pulse-demo,2201.23,822,56,53,1,59751.84,0.0660,0.0179
2020-08-24,pulse-demo,3325.56,815,98,56,8,36561.85,0.0930,0.0816
2020-08-28,pulse-demo,2600.86,1162,86,35,12,49505.65,0.0390,0.1395
2020-08-29,pulse-demo,3143.42,1755,141,24,3,36032.39,0.0710,0.0213
2020-09-01,pulse-demo,2170.42,1575,99,44,2,38138.21,0.1120,0.0202
2020-09-04,pulse-demo,2781.68,1142,67,67,20,65872.98,0.0440,0.2985
2020-09-08,pulse-demo,5078.05,2836,280,111,3,113848.02,0.0742,0.0107
2020-09-09,pulse-demo,2394.59,1461,69,69,18,55541.18,0.1420,0.2609
2020-09-11,pulse-demo,3586.50,843,118,23,14,29479.66,0.0430,0.1186
2020-09-17,pulse-demo,2153.57,1264,123,57,19,64237.37,0.0270,0.1545
2020-09-19,pulse-demo,3337.46,1297,105,73,6,65217.01,0.0620,0.0571
2020-09-24,pulse-demo,5186.21,2475,246,124,18,93271.57,0.1404,0.0732
2020-09-25,pulse-demo,2388.07,1162,137,48,2,28130.22,0.1420,0.0146
2020-09-26,pulse-demo,3275.38,1502,75,33,10,57959.00,0.0550,0.1333
2020-09-27,pulse-demo,3432.79,1329,64,38,13,65627.46,0.1330,0.2031
2020-09-28,pulse-demo,3012.46,1799,59,49,12,42986.81,0.0420,0.2034
2020-10-03,pulse-demo,2704.79,1670,58,46,6,34191.42,0.1470,0.1034
2020-10-05,pulse-demo,3126.46,1061,63,40,7,32722.92,0.1370,0.1111
2020-10-07,pulse-demo,2339.94,1570,87,55,20,67402.53,0.2000,0.2299
2020-10-11,pulse-demo,3296.17,825,59,44,6,31612.62,0.0260,0.1017
2020-10-14,pulse-demo,3595.52,1827,99,74,8,56007.44,0.1410,0.0808
2020-10-16,pulse-demo,3160.74,835,94,79,17,63759.11,0.0320,0.1809
2020-10-17,pulse-demo,3415.88,1764,67,22,15,48483.60,0.1500,0.2239
2020-10-18,pulse-demo,2131.33,1675,142,31,3,52370.28,0.0270,0.0211
2020-10-20,pulse-demo,3760.32,991,146,31,13,20819.13,0.1110,0.0890
2020-10-25,pulse-demo,2729.06,1008,106,60,3,58797.66,0.0850,0.0283
2020-10-28,pulse-demo,2012.90,1541,105,76,11,65854.90,0.0800,0.1048
2020-11-02,pulse-demo,2596.51,1170,150,77,16,66354.99,0.0230,0.1067
2020-11-06,pulse-demo,6055.22,2189,156,147,27,98969.12,0.1579,0.1731
2020-11-07,pulse-demo,3475.87,978,135,40,11,65885.87,0.1350,0.0815
2020-11-08,pulse-demo,3039.23,1379,81,43,7,25432.30,0.1110,0.0864
2020-11-09,pulse-demo,5892.17,1686,244,96,13,82999.32,0.1431,0.0533
2020-11-10,pulse-demo,3641.81,1877,104,64,12,48145.24,0.0750,0.1154
2020-11-18,pulse-demo,5582.30,2736,235,107,17,58934.16,0.0523,0.0723
2020-11-26,pulse-demo,3044.28,1478,105,28,13,35013.91,0.0580,0.1238
2020-11-29,pulse-demo,2765.32,1322,77,33,5,54345.66,0.1780,0.0649
2020-12-02,pulse-demo,2770.68,1990,67,63,15,25738.46,0.1620,0.2239
2020-12-03,pulse-demo,3730.82,1398,99,29,14,49288.08,0.1580,0.1414
2020-12-08,pulse-demo,2660.82,1907,98,75,10,56364.95,0.0960,0.1020
2020-12-09,pulse-demo,7399.12,2856,208,86,7,92879.56,0.0548,0.0337
2020-12-10,pulse-demo,2734.45,965,69,49,14,59907.91,0.1210,0.2029
2020-12-11,pulse-demo,3670.82,1064,119,68,20,73025.01,0.0730,0.1681
2020-12-14,pulse-demo,2749.69,1520,126,54,8,42283.25,0.0970,0.0635
2020-12-15,pulse-demo,2663.06,1125,121,40,14,71294.43,0.1340,0.1157
2020-12-17,pulse-demo,2518.29,835,83,25,20,26297.82,0.0060,0.2410
2020-12-18,pulse-demo,3647.96,918,148,50,14,40807.16,0.0560,0.0946
2020-12-19,pulse-demo,2018.95,1849,84,57,6,61549.01,0.0360,0.0714
2020-12-22,pulse-demo,2060.28,1014,142,71,9,59992.32,0.1290,0.0634
2020-12-26,pulse-demo,4846.42,2817,222,113,34,121796.52,0.0567,0.1532
2020-12-27,pulse-demo,2873.16,1907,136,65,1,21401.35,0.1230,0.0074
2021-01-01,pulse-demo,2018.58,1766,125,77,15,63547.68,0.0550,0.1200
2021-01-06,pulse-demo,3858.35,1949,100,48,1,32974.34,0.1380,0.0100
2021-01-07,pulse-demo,5571.24,3545,160,82,16,105392.36,0.0782,0.1000
2021-01-18,pulse-demo,8942.74,3403,331,106,38,172014.30,0.0444,0.1148
2021-01-20,pulse-demo,3137.17,1769,120,60,10,77845.50,0.0220,0.0833
2021-01-28,pulse-demo,3337.26,1486,146,52,14,51042.48,0.0430,0.0959
2021-01-29,pulse-demo,3525.21,1033,115,39,13,69544.15,0.1760,0.1130
2021-01-31,pulse-demo,3909.80,1856,78,36,18,74916.64,0.1680,0.2308
2021-02-02,pulse-demo,3595.38,1149,50,46,5,22610.37,0.1870,0.1000
2021-02-06,pulse-demo,5558.88,3531,155,124,35,85163.57,0.0829,0.2258
2021-02-13,pulse-demo,3901.31,965,120,58,14,71202.62,0.0510,0.1167
2021-02-16,pulse-demo,2250.54,1984,146,35,10,25725.52,0.1470,0.0685
2021-02-17,pulse-demo,6110.73,2452,222,95,28,109947.96,0.0539,0.1261
2021-02-21,pulse-demo,3904.20,1402,98,47,20,55697.98,0.0790,0.2041
2021-02-26,pulse-demo,3022.61,1614,142,59,1,42709.63,0.1430,0.0070
2021-03-01,pulse-demo,2843.25,876,62,62,13,75310.81,0.0980,0.2097
2021-03-02,pulse-demo,9522.86,3262,272,180,15,182821.41,0.0692,0.0551
2021-03-04,pulse-demo,3130.92,1507,95,22,10,73813.43,0.0140,0.1053
2021-03-06,pulse-demo,2709.35,1405,65,65,14,66628.83,0.0400,0.2154
2021-03-07,pulse-demo,2771.66,944,113,53,18,62176.07,0.1710,0.1593
2021-03-09,pulse-demo,3115.40,1712,84,52,13,22460.32,0.1520,0.1548
2021-03-10,pulse-demo,2070.94,1171,93,56,16,76032.34,0.1530,0.1720
2021-03-14,pulse-demo,3298.51,874,147,37,4,38143.86,0.1500,0.0272
2021-03-19,pulse-demo,2037.98,1393,134,52,18,32703.19,0.0830,0.1343
2021-03-27,pulse-demo,3883.31,1638,61,61,16,35986.43,0.1110,0.2623
2021-04-03,pulse-demo,3199.39,1627,101,70,2,71201.21,0.0990,0.0198
2021-04-07,pulse-demo,3235.00,1127,55,55,18,27052.14,0.1420,0.3273
2021-04-09,pulse-demo,2739.13,841,109,60,10,66579.71,0.0150,0.0917
2021-04-10,pulse-demo,2432.03,1428,136,21,3,72579.23,0.1510,0.0221
2021-04-11,pulse-demo,4659.93,2993,139,88,28,99584.62,0.0226,0.2014
2021-04-15,pulse-demo,2398.33,1767,143,55,8,78019.26,0.0380,0.0559
2021-04-18,pulse-demo,2855.79,1328,115,44,5,28413.57,0.1230,0.0435
2021-04-19,pulse-demo,2284.87,1549,142,73,12,61653.21,0.1800,0.0845
2021-04-22,pulse-demo,5096.25,2056,247,109,6,153677.58,0.0319,0.0243
2021-04-23,pulse-demo,3822.99,1319,56,56,19,51066.31,0.0740,0.3393
2021-04-25,pulse-demo,3801.10,1249,110,35,9,74570.91,0.1500,0.0818
2021-05-01,pulse-demo,2621.45,1348,132,34,15,41991.21,0.1440,0.1136
2021-05-04,pulse-demo,3535.40,1704,58,58,11,61017.29,0.1340,0.1897
2021-05-05,pulse-demo,6435.17,2887,163,137,13,86711.07,0.0734,0.0798
2021-05-13,pulse-demo,3691.47,906,140,23,15,38433.67,0.0150,0.1071
2021-05-16,pulse-demo,3700.67,1085,118,67,10,28882.00,0.0030,0.0847
2021-05-18,pulse-demo,3062.66,1549,64,35,17,66173.06,0.0190,0.2656
2021-05-21,pulse-demo,3913.24,989,79,35,11,30059.09,0.0230,0.1392
2021-05-25,pulse-demo,2633.46,1714,74,21,11,36470.84,0.0740,0.1486
2021-05-29,pulse-demo,2005.63,965,77,55,7,51560.77,0.1920,0.0909
2021-05-30,pulse-demo,2460.51,828,122,37,8,35287.99,0.0420,0.0656
2021-06-07,pulse-demo,3156.31,1498,111,42,13,51586.79,0.0180,0.1171
2021-06-11,pulse-demo,2010.72,1483,99,56,15,59610.13,0.1060,0.1515
2021-06-15,pulse-demo,6723.30,3315,153,114,6,108422.95,0.1221,0.0392
2021-06-19,pulse-demo,2804.64,1076,71,56,13,57523.77,0.1220,0.1831
2021-06-22,pulse-demo,2173.47,1874,63,57,12,64611.91,0.1970,0.1905
2021-06-25,pulse-demo,6251.91,3750,181,109,33,101136.81,0.1359,0.1823
2021-06-27,pulse-demo,3520.82,1686,79,25,13,25326.50,0.1060,0.1646
2021-07-01,pulse-demo,2428.43,1214,102,37,15,28964.68,0.1680,0.1471
2021-07-02,pulse-demo,6088.52,2545,248,76,21,73187.15,0.0769,0.0847
2021-07-06,pulse-demo,2858.11,993,79,24,10,29923.59,0.1100,0.1266
2021-07-07,pulse-demo,4195.73,2719,185,115,13,77583.86,0.1150,0.0703
2021-07-09,pulse-demo,8036.52,4659,367,171,30,99106.76,0.0577,0.0817
2021-07-10,pulse-demo,2775.52,1179,73,28,18,30666.61,0.0500,0.2466
2021-07-12,pulse-demo,2813.91,1750,133,54,15,32374.69,0.0870,0.1128
2021-07-16,pulse-demo,6451.87,3034,179,82,30,69214.86,0.0692,0.1676
2021-07-20,pulse-demo,6828.89,3000,134,116,26,109281.75,0.0504,0.1940
2021-07-22,pulse-demo,5082.11,2210,206,109,20,70568.24,0.1299,0.0971
2021-07-29,pulse-demo,2145.48,1422,69,69,11,57328.68,0.0270,0.1594
2021-08-04,pulse-demo,3256.43,1298,145,34,9,49400.34,0.1780,0.0621
2021-08-07,pulse-demo,5368.62,2191,195,116,33,104540.79,0.1292,0.1692
2021-08-08,pulse-demo,3854.42,1488,134,26,4,61579.20,0.0570,0.0299
2021-08-09,pulse-demo,3541.23,851,93,38,5,31047.49,0.0220,0.0538
2021-08-12,pulse-demo,3832.88,1682,128,70,9,40614.19,0.1640,0.0703
2021-08-13,pulse-demo,2741.49,1458,82,28,16,48716.48,0.1240,0.1951
2021-08-17,pulse-demo,6450.26,2976,208,108,17,120661.93,0.0748,0.0817
2021-08-21,pulse-demo,2563.56,940,136,47,13,27421.07,0.0890,0.0956
2021-08-29,pulse-demo,2978.68,1148,72,72,15,64817.05,0.0910,0.2083
2021-08-30,pulse-demo,3132.82,1665,118,46,16,49891.82,0.1890,0.1356
2021-09-02,pulse-demo,2980.61,1733,69,69,20,73644.43,0.0050,0.2899
2021-09-08,pulse-demo,3578.53,1463,89,49,7,57688.77,0.0380,0.0787
2021-09-13,pulse-demo,2986.57,1242,103,23,9,61644.18,0.0300,0.0874
2021-09-18,pulse-demo,3639.39,1099,80,64,17,73033.74,0.1800,0.2125
2021-09-19,pulse-demo,6080.24,2138,169,108,29,120129.89,0.0940,0.1716
2021-09-20,pulse-demo,3494.40,1983,69,64,4,33835.03,0.0290,0.0580
2021-09-21,pulse-demo,9534.43,4421,318,183,27,162403.12,0.1244,0.0849
2021-09-24,pulse-demo,3954.20,933,146,44,6,60614.15,0.1940,0.0411
2021-09-28,pulse-demo,3112.19,1938,108,55,6,63080.00,0.1650,0.0556
2021-09-30,pulse-demo,2751.21,1301,57,57,10,50434.56,0.0590,0.1754
2021-10-04,pulse-demo,2359.76,1835,76,27,11,52671.50,0.0350,0.1447
2021-10-05,pulse-demo,2618.24,1914,80,59,17,73986.17,0.0480,0.2125
2021-10-06,pulse-demo,2821.59,1033,81,33,4,70652.42,0.1250,0.0494
2021-10-07,pulse-demo,3636.84,823,113,80,5,62772.68,0.1100,0.0442
2021-10-08,pulse-demo,3444.62,1641,82,71,14,31825.07,0.1000,0.1707
2021-10-09,pulse-demo,2911.51,1766,148,68,4,51550.38,0.0270,0.0270
2021-10-10,pulse-demo,2738.32,1082,134,64,11,29112.19,0.0310,0.0821
2021-10-11,pulse-demo,2574.25,965,107,59,11,70407.08,0.0420,0.1028
2021-10-12,pulse-demo,2239.86,1030,55,29,15,23731.79,0.1080,0.2727
2021-10-16,pulse-demo,3518.23,1030,111,74,12,32277.36,0.0610,0.1081
2021-10-17,pulse-demo,2135.44,1311,85,36,3,52821.78,0.1580,0.0353
2021-10-18,pulse-demo,2942.27,1537,54,46,10,43700.07,0.0650,0.1852
2021-10-24,pulse-demo,3060.24,1233,74,67,3,27325.10,0.1520,0.0405
2021-10-26,pulse-demo,2836.76,963,143,51,13,22122.26,0.1850,0.0909
2021-10-31,pulse-demo,3981.18,1643,96,69,5,63257.15,0.0340,0.0521
2021-11-04,pulse-demo,3517.98,1094,91,39,6,29832.74,0.1240,0.0659
2021-11-06,pulse-demo,2097.50,1932,59,33,9,23840.09,0.0560,0.1525
2021-11-17,pulse-demo,3304.38,860,108,41,18,52117.66,0.1240,0.1667
2021-11-24,pulse-demo,2727.13,1896,129,28,19,27404.18,0.0630,0.1473
2021-12-02,pulse-demo,2851.20,1575,66,45,19,40201.56,0.0640,0.2879
2021-12-03,pulse-demo,5240.65,2685,242,89,17,151424.53,0.1191,0.0702
2021-12-05,pulse-demo,2769.27,1879,70,70,19,34201.64,0.0150,0.2714
2021-12-12,pulse-demo,3967.22,1616,104,46,13,76164.36,0.0970,0.1250
2021-12-18,pulse-demo,2262.65,1621,54,54,18,23703.11,0.1320,0.3333
2021-12-19,pulse-demo,2657.85,1154,52,52,20,24704.83,0.1500,0.3846
2021-12-27,pulse-demo,3316.64,1214,146,35,19,56854.92,0.1840,0.1301
2021-12-28,pulse-demo,2336.59,981,95,21,14,69100.34,0.0700,0.1474
2021-12-30,pulse-demo,2226.33,1156,111,64,13,28458.30,0.0530,0.1171
2022-01-08,pulse-demo,2613.67,1593,129,30,19,41961.23,0.0760,0.1473
2022-01-12,pulse-demo,2030.68,947,117,35,18,48316.65,0.1390,0.1538
2022-01-23,pulse-demo,2860.35,1884,51,46,2,32435.68,0.1990,0.0392
2022-01-25,pulse-demo,2313.02,1388,116,21,5,40863.93,0.0600,0.0431
2022-01-27,pulse-demo,2696.97,1405,103,22,15,58849.82,0.1080,0.1456
2022-01-28,pulse-demo,3819.36,927,121,52,3,30517.91,0.1580,0.0248
2022-02-04,pulse-demo,3005.36,1275,117,36,12,77658.39,0.0150,0.1026
2022-02-10,pulse-demo,2266.92,1012,133,39,9,66420.54,0.1730,0.0677
2022-02-11,pulse-demo,2439.18,1600,83,42,6,24406.56,0.0910,0.0723
2022-02-14,pulse-demo,3803.64,1721,74,43,18,71581.05,0.0380,0.2432
2022-02-16,pulse-demo,3734.90,1415,64,21,18,41351.91,0.0530,0.2812
2022-02-17,pulse-demo,3285.02,1316,137,26,7,21859.60,0.1150,0.0511
2022-02-18,pulse-demo,4962.88,3621,209,132,19,87570.91,0.1049,0.0909
2022-02-26,pulse-demo,2318.88,1873,135,52,5,75036.34,0.1730,0.0370
2022-02-28,pulse-demo,2598.31,1686,78,32,20,46489.39,0.1160,0.2564
2022-03-01,pulse-demo,2482.18,1472,126,50,12,34425.23,0.1790,0.0952
2022-03-10,pulse-demo,3397.34,1578,103,33,9,51541.51,0.1650,0.0874
2022-03-17,pulse-demo,3573.00,1014,66,56,8,44032.34,0.1220,0.1212
2022-03-18,pulse-demo,2170.55,1339,133,54,3,21716.54,0.0760,0.0226
2022-03-19,pulse-demo,3817.28,1580,52,29,12,35689.54,0.0530,0.2308
2022-03-21,pulse-demo,2672.63,1713,148,40,10,79725.41,0.1110,0.0676
2022-03-26,pulse-demo,2764.94,1631,127,46,17,63811.29,0.0690,0.1339
2022-03-31,pulse-demo,2085.54,926,70,39,19,52959.58,0.0720,0.2714
2022-04-01,pulse-demo,3553.14,979,91,31,15,56169.41,0.0650,0.1648
2022-04-03,pulse-demo,7167.81,3617,147,144,31,56439.82,0.1139,0.2109
2022-04-04,pulse-demo,3491.95,1975,106,33,14,47291.96,0.0930,0.1321
2022-04-07,pulse-demo,2985.45,1458,112,44,13,60633.96,0.0720,0.1161
2022-04-14,pulse-demo,3672.28,1102,132,45,4,29091.38,0.0040,0.0303
2022-04-17,pulse-demo,2494.18,1716,81,76,12,46935.95,0.0920,0.1481
2022-04-20,pulse-demo,3355.30,1512,86,75,16,36395.32,0.1270,0.1860
2022-04-21,pulse-demo,2583.03,1508,148,62,14,76277.46,0.1420,0.0946
2022-04-25,pulse-demo,2500.28,1232,131,32,3,21508.18,0.0430,0.0229
2022-04-26,pulse-demo,2467.71,1504,104,52,17,30998.10,0.0520,0.1635
2022-04-28,pulse-demo,2220.17,1629,82,28,11,44365.44,0.1740,0.1341
2022-04-30,pulse-demo,3100.10,1649,98,33,20,69100.75,0.1170,0.2041
2022-05-04,pulse-demo,3575.16,935,71,71,19,78063.90,0.0650,0.2676
2022-05-05,pulse-demo,7732.89,2333,206,126,22,78235.01,0.0372,0.1068
2022-05-07,pulse-demo,8600.56,4120,310,148,20,146457.60,0.1077,0.0645
2022-05-08,pulse-demo,5188.19,1893,239,75,20,103775.12,0.1127,0.0837
2022-05-10,pulse-demo,2007.93,1392,89,25,18,39331.36,0.1220,0.2022
2022-05-13,pulse-demo,4632.96,1701,224,144,20,141677.24,0.1024,0.0893
2022-05-16,pulse-demo,2149.09,1067,113,54,7,61384.44,0.0060,0.0619
2022-05-17,pulse-demo,3847.66,1100,125,60,18,58298.40,0.0690,0.1440
2022-05-24,pulse-demo,3450.40,978,66,56,9,67450.17,0.0180,0.1364
2022-05-29,pulse-demo,3746.90,849,129,44,4,52369.12,0.1930,0.0310
2022-05-30,pulse-demo,2805.43,1806,60,31,3,68017.07,0.0200,0.0500
2022-05-31,pulse-demo,2524.08,1676,148,48,2,32902.85,0.0550,0.0135
2022-06-02,pulse-demo,3960.06,809,90,24,16,72560.42,0.0870,0.1778
2022-06-03,pulse-demo,6349.51,3256,128,117,18,81298.74,0.1205,0.1406
2022-06-07,pulse-demo,6452.40,2820,220,98,27,108562.68,0.1396,0.1227
2022-06-16,pulse-demo,2142.37,1335,73,71,16,27130.46,0.0930,0.2192
2022-06-20,pulse-demo,9829.88,4247,350,170,16,161960.78,0.0944,0.0457
2022-06-22,pulse-demo,6720.24,2349,173,51,20,106657.96,0.1320,0.1156
2022-06-24,pulse-demo,5616.73,2971,242,106,12,122817.84,0.0936,0.0496
2022-06-27,pulse-demo,2470.57,1593,89,32,2,49343.25,0.1170,0.0225
2022-06-30,pulse-demo,2332.49,1616,75,58,10,20387.11,0.1850,0.1333
2022-07-03,pulse-demo,5441.07,3542,278,135,17,103848.72,0.1491,0.0612
2022-07-04,pulse-demo,2716.97,1600,140,37,9,62358.26,0.0450,0.0643
2022-07-07,pulse-demo,3282.36,1444,134,22,19,60079.85,0.0420,0.1418
2022-07-08,pulse-demo,3649.66,1790,108,32,1,33772.01,0.1970,0.0093
2022-07-12,pulse-demo,5934.60,2073,199,113,14,91711.91,0.1660,0.0704
2022-07-16,pulse-demo,3479.73,878,63,37,1,33373.05,0.0920,0.0159
2022-07-21,pulse-demo,3223.86,1600,111,49,8,71720.19,0.1420,0.0721
2022-07-22,pulse-demo,3941.56,803,127,75,17,25735.39,0.0070,0.1339
2022-07-23,pulse-demo,3330.77,1299,101,48,11,47449.41,0.1100,0.1089
2022-08-01,pulse-demo,3435.05,1567,73,39,10,34157.87,0.0530,0.1370
2022-08-02,pulse-demo,2359.84,1451,87,34,20,40982.02,0.1910,0.2299
2022-08-06,pulse-demo,2794.61,1753,146,39,11,52115.71,0.0900,0.0753
2022-08-09,pulse-demo,3950.40,1353,101,21,1,50497.74,0.1510,0.0099
2022-08-12,pulse-demo,3329.79,1421,59,35,13,42102.62,0.0690,0.2203
2022-08-19,pulse-demo,7438.28,3407,142,76,17,101700.64,0.1266,0.1197
2022-08-22,pulse-demo,2194.58,827,136,63,15,22434.11,0.1630,0.1103
2022-08-29,pulse-demo,2817.49,946,75,48,4,47827.98,0.1650,0.0533
2022-08-30,pulse-demo,3700.74,1986,62,62,5,24862.90,0.0870,0.0806
2022-08-31,pulse-demo,3280.23,846,86,61,17,36157.21,0.1300,0.1977
2022-09-01,pulse-demo,2157.72,1879,127,59,2,30549.78,0.1180,0.0157
2022-09-03,pulse-demo,6745.51,3225,244,115,19,98186.83,0.0634,0.0779
2022-09-06,pulse-demo,3190.10,1437,90,35,5,60851.36,0.0780,0.0556
2022-09-07,pulse-demo,2103.63,1818,144,43,3,27977.03,0.1560,0.0208
2022-09-10,pulse-demo,3811.91,1280,50,49,13,63508.09,0.0400,0.2600
2022-09-11,pulse-demo,2788.53,1630,92,57,9,54123.80,0.0340,0.0978
2022-09-12,pulse-demo,5745.47,2753,163,103,23,104866.35,0.0389,0.1411
2022-09-16,pulse-demo,3632.84,1142,140,32,10,47771.42,0.0920,0.0714
2022-09-18,pulse-demo,3145.96,935,60,28,1,57656.91,0.1740,0.0167
2022-09-20,pulse-demo,3010.23,1949,81,30,7,65261.47,0.0470,0.0864
2022-09-27,pulse-demo,2803.49,1582,87,67,8,24534.68,0.1690,0.0920
2022-09-30,pulse-demo,3587.33,1610,67,56,4,28913.31,0.1450,0.0597
2022-10-02,pulse-demo,6625.03,2332,245,69,20,127748.47,0.0617,0.0816
2022-10-08,pulse-demo,2687.80,1707,76,62,12,71929.88,0.0320,0.1579
2022-10-15,pulse-demo,3879.99,1122,145,43,13,39938.21,0.0920,0.0897
2022-10-16,pulse-demo,3973.16,804,66,66,11,54946.91,0.1280,0.1667
2022-10-17,pulse-demo,2892.32,1819,119,51,2,73875.60,0.0690,0.0168
2022-10-19,pulse-demo,7676.71,3437,265,173,40,167990.84,0.1112,0.1509
2022-10-20,pulse-demo,2296.30,1073,134,30,3,25329.44,0.0510,0.0224
2022-10-24,pulse-demo,3040.21,1945,124,63,4,46574.20,0.0930,0.0323
2022-10-27,pulse-demo,4982.28,2740,160,108,12,132871.29,0.1424,0.0750
2022-10-31,pulse-demo,3454.40,1037,80,58,2,56633.29,0.0190,0.0250
2022-11-01,pulse-demo,3538.68,1889,131,69,8,71745.97,0.0430,0.0611
2022-11-07,pulse-demo,13161.15,5015,507,213,52,219233.16,0.0757,0.1026
2022-11-09,pulse-demo,9280.19,3347,310,153,33,91310.07,0.1636,0.1065
2022-11-17,pulse-demo,3291.80,971,53,53,17,48596.03,0.1300,0.3208
2022-11-26,pulse-demo,3471.09,1332,59,51,13,34920.14,0.1670,0.2203
2022-12-01,pulse-demo,6364.77,2220,215,117,24,78170.63,0.0583,0.1116
2022-12-04,pulse-demo,6769.11,2397,284,150,15,117649.26,0.1428,0.0528
2022-12-05,pulse-demo,2817.31,1114,85,46,17,28999.49,0.0010,0.2000
2022-12-06,pulse-demo,2285.12,1423,107,69,19,75083.05,0.0780,0.1776
2022-12-07,pulse-demo,2206.63,1354,86,78,19,38822.92,0.1930,0.2209
2022-12-08,pulse-demo,6717.51,3196,245,93,18,126331.61,0.0561,0.0735
2022-12-10,pulse-demo,2271.95,1906,111,78,6,47636.31,0.0220,0.0541
2022-12-12,pulse-demo,6670.79,2402,174,70,17,87863.25,0.1040,0.0977
2022-12-13,pulse-demo,6281.16,2667,209,66,22,79743.57,0.1742,0.1053
2022-12-14,pulse-demo,9909.98,4557,313,160,33,150278.26,0.0868,0.1054
2022-12-17,pulse-demo,3410.80,993,102,61,16,51443.04,0.1960,0.1569
2022-12-19,pulse-demo,2642.14,982,124,78,3,65362.86,0.1120,0.0242
2022-12-25,pulse-demo,3200.89,1763,89,56,15,38621.35,0.1580,0.1685
2022-12-29,pulse-demo,3020.75,1226,95,32,2,60778.82,0.0950,0.0211
2022-12-30,pulse-demo,2069.34,1603,123,50,4,22902.96,0.0490,0.0325
2022-12-31,pulse-demo,2847.29,871,123,22,1,37754.71,0.0870,0.0081
2023-01-04,pulse-demo,3212.85,1032,93,33,13,24756.31,0.0410,0.1398
2023-01-05,pulse-demo,3624.08,1883,56,56,20,66939.50,0.0830,0.3571
2023-01-06,pulse-demo,5458.33,2585,220,116,23,135696.37,0.0710,0.1045
2023-01-10,pulse-demo,7115.08,2744,294,104,30,113322.73,0.0646,0.1020
2023-01-18,pulse-demo,2033.35,1748,142,51,6,58880.46,0.1820,0.0423
2023-01-21,pulse-demo,2379.49,1806,137,40,14,64424.10,0.1130,0.1022
2023-01-22,pulse-demo,3924.90,1310,124,38,15,41246.44,0.1510,0.1210
2023-01-23,pulse-demo,4863.41,2436,112,88,24,80859.97,0.1035,0.2143
2023-01-24,pulse-demo,2853.42,1900,137,48,4,40249.53,0.0120,0.0292
2023-01-30,pulse-demo,2083.87,1466,56,42,16,36320.95,0.0110,0.2857
2023-02-03,pulse-demo,9882.36,3820,316,175,24,181886.16,0.1194,0.0759
2023-02-05,pulse-demo,6294.47,2483,141,106,12,109541.22,0.0712,0.0851
2023-02-06,pulse-demo,2504.49,1169,58,58,12,73430.83,0.1970,0.2069
2023-02-09,pulse-demo,6818.65,2966,219,131,39,116940.81,0.0915,0.1781
2023-02-12,pulse-demo,3235.94,1543,150,79,9,76828.70,0.1550,0.0600
2023-02-13,pulse-demo,2442.99,1573,57,31,20,71697.86,0.0500,0.3509
2023-02-23,pulse-demo,2894.82,849,54,53,20,52687.82,0.1200,0.3704
2023-02-25,pulse-demo,6257.30,2752,187,101,27,118850.36,0.0760,0.1444
2023-02-26,pulse-demo,6362.10,2678,107,106,14,88280.09,0.1513,0.1308
2023-03-02,pulse-demo,3725.14,1630,125,39,17,77781.78,0.0450,0.1360
2023-03-04,pulse-demo,2992.78,1525,76,60,13,59780.69,0.0060,0.1711
2023-03-09,pulse-demo,4721.99,3125,146,113,23,54953.66,0.0532,0.1575
2023-03-12,pulse-demo,4998.19,2191,295,80,27,106256.06,0.1373,0.0915
2023-03-19,pulse-demo,3765.48,1203,112,68,10,72197.81,0.1920,0.0893
2023-03-23,pulse-demo,2223.17,1026,141,46,2,77206.99,0.0190,0.0142
2023-03-26,pulse-demo,3552.98,1918,149,56,2,61163.14,0.0540,0.0134
2023-03-28,pulse-demo,3398.76,1311,128,51,20,65425.36,0.0640,0.1562
2023-04-01,pulse-demo,3523.55,975,77,76,7,55169.72,0.0830,0.0909
2023-04-02,pulse-demo,2868.69,868,54,21,13,21718.17,0.1790,0.2407
2023-04-09,pulse-demo,3739.17,1859,147,71,13,29206.79,0.1150,0.0884
2023-04-11,pulse-demo,2201.92,863,145,24,5,75306.03,0.1170,0.0345
2023-04-13,pulse-demo,3074.19,1023,130,71,11,41207.05,0.1880,0.0846
2023-04-15,pulse-demo,2567.55,1093,59,44,20,51561.56,0.0960,0.3390
2023-04-16,pulse-demo,6347.17,3124,216,85,32,118763.97,0.0537,0.1481
2023-04-22,pulse-demo,9029.43,4131,348,179,21,207346.37,0.0388,0.0603
2023-04-23,pulse-demo,2703.25,1437,74,28,15,75532.63,0.0610,0.2027
2023-04-25,pulse-demo,6225.43,3497,274,125,12,146066.50,0.1073,0.0438
2023-04-26,pulse-demo,6568.39,3181,212,143,30,75844.47,0.1293,0.1415
2023-04-29,pulse-demo,2246.95,1169,140,36,14,77437.86,0.1930,0.1000
2023-05-01,pulse-demo,3574.78,972,114,32,10,40067.17,0.1220,0.0877
2023-05-05,pulse-demo,3734.67,1416,102,77,6,64961.44,0.1280,0.0588
2023-05-09,pulse-demo,2765.81,1042,70,70,17,33483.02,0.1340,0.2429
2023-05-11,pulse-demo,3175.27,1543,55,30,12,26133.75,0.0660,0.2182
2023-05-18,pulse-demo,3674.09,892,58,20,1,70106.53,0.1990,0.0172
2023-05-19,pulse-demo,3390.72,1190,83,72,11,78856.63,0.1280,0.1325
2023-05-24,pulse-demo,2574.26,1627,54,45,17,78711.94,0.0490,0.3148
2023-05-25,pulse-demo,2944.89,1128,73,30,16,73171.07,0.0620,0.2192
2023-05-26,pulse-demo,2731.97,1047,149,27,4,62944.15,0.1920,0.0268
2023-05-30,pulse-demo,9755.33,3803,318,137,43,170090.28,0.0767,0.1352
2023-05-31,pulse-demo,2410.43,996,116,20,14,42559.97,0.0020,0.1207
2023-06-09,pulse-demo,2901.10,874,85,40,18,77768.28,0.1940,0.2118
2023-06-10,pulse-demo,3493.83,1353,67,38,8,30234.89,0.1170,0.1194
2023-06-14,pulse-demo,3769.55,1228,118,61,3,35783.93,0.1050,0.0254
2023-06-17,pulse-demo,4763.32,2681,219,84,34,82696.36,0.0691,0.1553
2023-06-18,pulse-demo,6317.33,1773,278,73,29,54176.15,0.0946,0.1043
2023-06-19,pulse-demo,2753.62,1226,118,67,5,25849.85,0.0190,0.0424
2023-06-30,pulse-demo,5721.22,2218,272,76,20,114451.75,0.1410,0.0735
2023-07-04,pulse-demo,10606.93,3236,267,142,25,176751.33,0.1464,0.0936
2023-07-08,pulse-demo,3605.63,1594,147,67,9,70933.05,0.0390,0.0612
2023-07-09,pulse-demo,3935.54,832,127,35,20,47638.36,0.0440,0.1575
2023-07-13,pulse-demo,3079.78,1135,78,45,17,65272.17,0.1740,0.2179
2023-07-14,pulse-demo,6043.62,3183,146,95,24,134814.72,0.0874,0.1644
2023-07-16,pulse-demo,3024.72,1651,133,33,18,43713.79,0.1270,0.1353
2023-07-17,pulse-demo,5499.21,3050,198,102,22,133786.70,0.1822,0.1111
2023-07-21,pulse-demo,2984.50,808,74,58,9,57453.78,0.1730,0.1216
2023-07-26,pulse-demo,2127.38,958,109,33,9,27645.11,0.1940,0.0826
2023-07-27,pulse-demo,3149.16,1462,72,62,4,69219.49,0.0700,0.0556
2023-07-29,pulse-demo,3614.21,947,57,57,10,67971.23,0.1430,0.1754
2023-07-31,pulse-demo,3925.71,1185,107,26,14,54041.44,0.1370,0.1308
2023-08-01,pulse-demo,2571.50,851,109,24,15,79605.79,0.0410,0.1376
2023-08-03,pulse-demo,2076.74,1756,63,63,17,75118.32,0.1030,0.2698
2023-08-07,pulse-demo,2205.22,1046,73,44,4,70939.79,0.1330,0.0548
2023-08-10,pulse-demo,5673.67,2576,224,67,19,94843.58,0.0674,0.0848
2023-08-12,pulse-demo,2030.09,1359,50,50,15,22688.55,0.0750,0.3000
2023-08-16,pulse-demo,2936.16,1595,99,60,10,44806.89,0.1320,0.1010
2023-08-20,pulse-demo,2452.88,1039,115,22,16,24118.39,0.1510,0.1391
2023-08-22,pulse-demo,3390.63,1801,81,69,7,50798.68,0.0460,0.0864
2023-08-23,pulse-demo,3615.05,1231,70,59,8,45438.72,0.1580,0.1143
2023-08-25,pulse-demo,3164.08,1154,132,24,1,22059.75,0.0610,0.0076
2023-08-26,pulse-demo,3131.19,1077,123,76,12,71133.14,0.1880,0.0976
2023-08-29,pulse-demo,3399.50,1265,101,62,3,41376.83,0.1770,0.0297
2023-08-30,pulse-demo,3877.38,1806,115,76,5,27089.40,0.1090,0.0435
2023-09-01,pulse-demo,3556.19,1784,87,50,8,62685.08,0.1140,0.0920
2023-09-02,pulse-demo,2090.49,1714,60,38,7,78062.11,0.1230,0.1167
2023-09-04,pulse-demo,11294.26,6195,475,188,34,172356.20,0.1333,0.0716
2023-09-07,pulse-demo,3926.80,1391,65,65,12,65482.92,0.0660,0.1846
2023-09-10,pulse-demo,3455.01,1843,138,28,7,49336.06,0.1170,0.0507
2023-09-14,pulse-demo,7853.68,4839,326,127,23,146634.03,0.1768,0.0706
2023-09-15,pulse-demo,3250.04,1035,91,31,19,70205.02,0.0440,0.2088
2023-09-16,pulse-demo,2371.02,920,108,48,14,36337.43,0.1120,0.1296
2023-09-17,pulse-demo,3847.88,1592,88,54,4,70333.40,0.1490,0.0455
2023-09-23,pulse-demo,2665.10,1085,56,56,9,52778.30,0.1750,0.1607
2023-09-29,pulse-demo,3098.34,939,55,52,7,73531.34,0.0870,0.1273
2023-09-30,pulse-demo,2964.31,1775,109,30,11,73601.39,0.1000,0.1009
2023-10-02,pulse-demo,3741.20,1138,109,56,4,45431.44,0.1060,0.0367
2023-10-03,pulse-demo,5253.13,2325,230,148,24,122858.73,0.1427,0.1043
2023-10-12,pulse-demo,3570.26,1563,59,25,11,56002.93,0.0530,0.1864
2023-10-16,pulse-demo,3311.54,1774,148,68,1,49058.21,0.0330,0.0068
2023-10-17,pulse-demo,2153.13,1852,66,42,2,58768.32,0.1580,0.0303
2023-10-21,pulse-demo,3114.04,1975,69,56,3,50269.00,0.0540,0.0435
2023-10-25,pulse-demo,2550.83,1162,150,57,5,35818.70,0.1540,0.0333
2023-10-28,pulse-demo,2195.74,1465,97,30,17,35895.86,0.1560,0.1753
2023-10-29,pulse-demo,2401.23,1796,53,53,1,67465.15,0.1010,0.0189
2023-10-31,pulse-demo,3086.26,1448,121,73,9,24563.97,0.1920,0.0744
2023-11-01,pulse-demo,7980.56,3400,276,215,22,130249.94,0.0668,0.0797
2023-11-10,pulse-demo,5260.54,2753,169,84,15,73095.08,0.0658,0.0888
2023-11-13,pulse-demo,7013.64,2445,256,94,20,65704.83,0.0185,0.0781
2023-11-18,pulse-demo,7104.29,3042,181,77,21,115463.63,0.1337,0.1160
2023-11-22,pulse-demo,2031.91,1339,108,29,10,53730.89,0.1820,0.0926
2023-11-23,pulse-demo,2780.13,1398,140,52,3,74705.35,0.0310,0.0214
2023-11-28,pulse-demo,2152.09,1480,139,26,18,52211.92,0.0850,0.1295
2023-12-08,pulse-demo,2497.22,1407,132,34,18,54580.48,0.1110,0.1364
2023-12-10,pulse-demo,5522.81,3161,177,50,19,120111.36,0.1166,0.1073
2023-12-13,pulse-demo,2378.43,1563,130,23,1,76536.42,0.1620,0.0077
2023-12-16,pulse-demo,7517.08,3801,134,114,13,81844.94,0.1333,0.0970
2023-12-17,pulse-demo,3451.87,1004,74,29,8,23842.82,0.0640,0.1081
2023-12-18,pulse-demo,3285.20,1966,76,41,2,65247.53,0.1610,0.0263
2023-12-19,pulse-demo,3597.09,1873,59,59,6,58891.43,0.0860,0.1017
2023-12-22,pulse-demo,9722.85,3780,273,146,27,107118.27,0.1393,0.0989
2023-12-24,pulse-demo,2963.92,1365,104,63,10,39425.09,0.1710,0.0962
2023-12-25,pulse-demo,3254.30,1678,78,41,6,77762.64,0.0100,0.0769
2023-12-26,pulse-demo,5910.20,3073,183,86,8,112043.59,0.0317,0.0437
2024-01-01,pulse-demo,3789.44,995,143,60,16,25193.92,0.1210,0.1119
2024-01-10,pulse-demo,3655.33,1126,125,65,1,39209.62,0.0030,0.0080
2024-01-15,pulse-demo,10652.85,4100,317,137,25,101575.89,0.1051,0.0789
2024-01-20,pulse-demo,3948.79,1601,64,64,20,30748.01,0.0170,0.3125
2024-01-22,pulse-demo,3333.78,1398,53,53,17,62016.79,0.1700,0.3208
2024-01-23,pulse-demo,3029.49,1112,136,58,9,24558.24,0.1280,0.0662
2024-01-26,pulse-demo,3914.75,1202,129,39,14,24251.17,0.0880,0.1085
2024-01-30,pulse-demo,3028.82,1610,63,63,18,71915.99,0.1300,0.2857
2024-02-02,pulse-demo,3846.94,1775,97,57,16,21871.10,0.1600,0.1649
2024-02-06,pulse-demo,3364.04,1216,101,33,15,53801.28,0.1850,0.1485
2024-02-07,pulse-demo,3851.68,1588,126,47,20,52063.27,0.0260,0.1587
2024-02-08,pulse-demo,3796.50,1216,63,63,20,33078.86,0.0360,0.3175
2024-02-09,pulse-demo,3832.39,1246,86,25,19,22584.51,0.0380,0.2209
2024-02-14,pulse-demo,2687.67,1785,116,35,1,39130.01,0.1530,0.0086
2024-02-15,pulse-demo,6229.75,3703,205,136,14,129623.82,0.1008,0.0683
2024-02-18,pulse-demo,3706.02,1829,108,53,19,76168.34,0.0350,0.1759
2024-02-22,pulse-demo,3794.22,1626,53,53,20,42312.66,0.0940,0.3774
2024-02-23,pulse-demo,6442.14,2669,186,110,18,78737.26,0.1398,0.0968
2024-02-26,pulse-demo,2123.87,1088,54,36,18,33151.34,0.0690,0.3333
2024-02-29,pulse-demo,2084.92,838,144,55,1,20426.20,0.1300,0.0069
2024-03-01,pulse-demo,2069.46,1304,99,21,1,30060.13,0.1430,0.0101
2024-03-04,pulse-demo,2395.02,1310,73,59,4,30342.73,0.0760,0.0548
2024-03-18,pulse-demo,3889.40,899,58,32,11,77517.67,0.1510,0.1897
2024-03-19,pulse-demo,2607.35,1920,111,47,2,49070.24,0.0370,0.0180
2024-03-22,pulse-demo,2418.49,941,125,63,11,25487.35,0.1720,0.0880
2024-03-25,pulse-demo,3864.50,1706,132,73,9,59699.03,0.1150,0.0682
2024-03-28,pulse-demo,6006.61,2307,248,132,20,103834.86,0.1126,0.0806
2024-03-31,pulse-demo,3910.06,978,145,45,13,79432.09,0.0580,0.0897
2024-04-01,pulse-demo,2189.94,1627,137,30,20,26942.06,0.1110,0.1460
2024-04-03,pulse-demo,2583.96,849,129,80,20,50713.19,0.0770,0.1550
2024-04-04,pulse-demo,5613.86,2859,161,51,23,140465.56,0.1587,0.1429
2024-04-05,pulse-demo,7485.29,5163,276,164,26,166499.21,0.0371,0.0942
2024-04-08,pulse-demo,3744.93,1605,148,61,10,76104.14,0.0420,0.0676
2024-04-09,pulse-demo,2074.75,1607,131,38,11,48213.04,0.1750,0.0840
2024-04-11,pulse-demo,8029.97,3851,310,130,43,209043.78,0.1667,0.1387
2024-04-13,pulse-demo,3961.59,935,142,59,8,46263.50,0.1180,0.0563
2024-04-15,pulse-demo,2945.52,882,94,32,20,45610.84,0.1090,0.2128
2024-04-16,pulse-demo,3278.23,1826,135,80,10,44916.36,0.0620,0.0741
2024-04-17,pulse-demo,6989.70,2947,253,120,29,85830.61,0.0534,0.1146
2024-04-20,pulse-demo,3879.69,1214,69,31,20,70984.90,0.0560,0.2899
2024-04-24,pulse-demo,2187.33,1564,111,73,16,40648.73,0.0950,0.1441
2024-04-28,pulse-demo,3576.57,1721,123,49,15,78885.22,0.1570,0.1220
2024-05-05,pulse-demo,3219.39,958,117,35,9,37781.47,0.0320,0.0769
2024-05-09,pulse-demo,2589.64,1862,65,45,20,46301.08,0.0630,0.3077
2024-05-17,pulse-demo,6015.07,2871,215,108,17,77613.62,0.0995,0.0791
2024-05-19,pulse-demo,2138.47,1073,51,51,11,78691.09,0.0560,0.2157
2024-05-23,pulse-demo,2725.38,1692,115,33,4,33127.82,0.1590,0.0348
2024-05-26,pulse-demo,2281.33,1967,98,73,10,41743.90,0.0610,0.1020
2024-06-01,pulse-demo,3186.89,1312,63,38,20,73184.65,0.1780,0.3175
2024-06-04,pulse-demo,2225.46,1871,84,70,1,43257.15,0.0570,0.0119
2024-06-07,pulse-demo,3272.16,953,146,54,2,77100.31,0.0250,0.0137
2024-06-10,pulse-demo,3872.04,1304,68,43,10,22281.87,0.1610,0.1471
2024-06-16,pulse-demo,3382.51,1613,108,54,11,38533.26,0.0720,0.1019
2024-06-17,pulse-demo,3179.10,1877,113,53,17,79804.67,0.0210,0.1504
2024-06-20,pulse-demo,3394.86,1975,90,76,10,32078.58,0.0170,0.1111
2024-06-21,pulse-demo,2822.99,1251,145,53,15,52381.11,0.1610,0.1034
2024-06-22,pulse-demo,3222.20,1337,73,70,15,50343.26,0.1160,0.2055
2024-06-23,pulse-demo,3567.64,1110,134,28,18,73108.58,0.0940,0.1343
2024-06-24,pulse-demo,2789.60,1204,69,42,1,38509.36,0.0340,0.0145
2024-06-26,pulse-demo,2929.53,896,136,24,11,56784.38,0.1670,0.0809
2024-06-29,pulse-demo,3405.32,854,94,53,14,20390.52,0.1780,0.1489
2024-07-04,pulse-demo,3493.76,1459,70,70,10,59299.74,0.0720,0.1429
2024-07-10,pulse-demo,2677.92,1926,148,46,18,21704.98,0.0810,0.1216
2024-07-15,pulse-demo,3824.28,1046,127,43,6,34558.67,0.1000,0.0472
2024-07-17,pulse-demo,2039.77,1014,57,45,2,64340.67,0.1490,0.0351
2024-07-19,pulse-demo,2653.43,977,69,69,12,40612.93,0.1500,0.1739
2024-07-22,pulse-demo,3831.92,823,133,66,20,37379.10,0.1010,0.1504
2024-07-24,pulse-demo,3496.64,1736,142,72,4,65861.07,0.1990,0.0282
2024-07-25,pulse-demo,3818.74,1032,105,29,4,69935.81,0.0690,0.0381
2024-07-26,pulse-demo,3839.38,1944,144,24,19,22890.15,0.1400,0.1319
2024-07-27,pulse-demo,3150.43,863,76,31,1,46538.02,0.1860,0.0132
2024-07-28,pulse-demo,2319.90,1990,74,69,11,53174.21,0.1150,0.1486
2024-08-02,pulse-demo,3781.10,1569,55,55,10,67088.39,0.1000,0.1818
2024-08-06,pulse-demo,6558.49,2614,182,54,24,50211.68,0.0440,0.1319
2024-08-09,pulse-demo,2762.09,991,102,46,2,53084.22,0.1530,0.0196
2024-08-15,pulse-demo,2550.92,1212,98,75,6,29768.17,0.1130,0.0612
2024-08-16,pulse-demo,2930.96,1219,67,23,18,35810.55,0.1970,0.2687
2024-08-19,pulse-demo,3849.80,1883,82,31,3,48232.25,0.0380,0.0366
2024-08-20,pulse-demo,2463.96,1232,122,26,7,67163.95,0.1070,0.0574
2024-08-23,pulse-demo,3048.44,1475,100,57,2,45647.63,0.1830,0.0200
2024-09-13,pulse-demo,2285.33,822,134,66,5,50684.86,0.0710,0.0373
2024-09-15,pulse-demo,2755.78,1367,86,75,17,48199.56,0.0550,0.1977
2024-09-19,pulse-demo,3680.77,1811,94,65,3,57359.32,0.1220,0.0319
2024-09-20,pulse-demo,3032.88,1533,68,32,16,21662.05,0.0940,0.2353
2024-09-22,pulse-demo,3919.49,903,114,26,15,28851.66,0.1730,0.1316
2024-09-23,pulse-demo,2565.01,1120,126,71,14,57802.09,0.1130,0.1111
2024-10-01,pulse-demo,3660.64,884,125,69,18,32927.58,0.1200,0.1440
2024-10-05,pulse-demo,2603.35,1583,130,28,20,61112.77,0.1030,0.1538
2024-10-23,pulse-demo,3735.47,1197,127,69,4,63413.16,0.1070,0.0315
2024-10-25,pulse-demo,2594.77,1310,67,31,9,37036.27,0.0730,0.1343
2024-10-26,pulse-demo,3711.32,850,60,45,8,40622.11,0.0510,0.1333
2024-11-03,pulse-demo,2205.80,1640,89,52,18,59697.24,0.1440,0.2022
2024-11-05,pulse-demo,7385.82,3712,320,143,41,160342.56,0.1050,0.1281
2024-11-17,pulse-demo,3280.67,1206,115,23,6,59535.42,0.0010,0.0522
2024-11-22,pulse-demo,2280.98,1364,74,25,1,66627.81,0.1990,0.0135
2024-11-30,pulse-demo,2344.26,900,126,64,17,23348.07,0.1830,0.1349
2024-12-03,pulse-demo,4578.23,1799,198,83,12,81607.17,0.1061,0.0606
2024-12-06,pulse-demo,3810.60,1117,104,70,10,41971.88,0.0830,0.0962
2024-12-09,pulse-demo,2938.31,883,142,42,9,63064.11,0.1200,0.0634
2024-12-11,pulse-demo,3672.95,1062,100,60,15,73164.47,0.0510,0.1500
2024-12-14,pulse-demo,2104.28,1815,65,28,15,40384.88,0.0960,0.2308
2024-12-16,pulse-demo,2794.49,1610,125,58,2,41718.37,0.1260,0.0160
2024-12-20,pulse-demo,2175.07,1504,69,69,15,69739.47,0.1130,0.2174
2024-12-22,pulse-demo,2403.41,1339,100,63,5,30405.93,0.0460,0.0500
2024-12-25,pulse-demo,7057.02,3626,199,120,21,99596.43,0.1561,0.1055
2025-01-02,pulse-demo,2578.09,1102,147,24,12,37019.23,0.1590,0.0816
2025-01-04,pulse-demo,3507.06,1619,128,79,9,64623.74,0.0180,0.0703
2025-01-12,pulse-demo,2312.41,1018,61,61,13,50422.80,0.1910,0.2131
2025-01-13,pulse-demo,3410.70,1545,125,59,16,76609.62,0.0410,0.1280
2025-01-17,pulse-demo,3574.67,896,99,27,18,39372.72,0.0050,0.1818
2025-01-19,pulse-demo,2543.23,1823,96,31,20,53473.36,0.0240,0.2083
2025-01-22,pulse-demo,2381.01,1818,62,25,5,38588.39,0.1250,0.0806
2025-01-25,pulse-demo,6326.16,2804,192,80,18,104226.90,0.1678,0.0938
2025-01-31,pulse-demo,2231.36,1696,93,35,17,25187.82,0.0140,0.1828
2025-02-02,pulse-demo,3745.05,1003,112,35,17,40039.32,0.1980,0.1518
2025-02-03,pulse-demo,2659.25,1815,134,46,2,57412.55,0.1710,0.0149
2025-02-11,pulse-demo,5953.40,2715,157,72,4,128075.77,0.0590,0.0255
2025-02-12,pulse-demo,4296.85,2437,161,112,21,83945.93,0.0703,0.1304
2025-02-14,pulse-demo,5817.77,1682,230,119,29,116591.53,0.1380,0.1261
2025-02-17,pulse-demo,3479.69,1305,146,76,2,78419.32,0.1990,0.0137
2025-02-20,pulse-demo,3759.90,1222,115,23,1,61967.83,0.0110,0.0087
2025-02-21,pulse-demo,2135.78,1226,76,54,7,78815.18,0.0720,0.0921
2025-02-27,pulse-demo,3928.40,1536,108,67,7,22555.88,0.1960,0.0648
2025-02-28,pulse-demo,2993.56,1819,54,50,7,26294.54,0.0520,0.1296
2025-03-08,pulse-demo,9643.40,5113,277,160,29,102659.13,0.0547,0.1047
2025-03-10,pulse-demo,2304.64,917,109,40,20,51282.32,0.0950,0.1835
2025-03-12,pulse-demo,7365.81,3157,173,100,28,97208.25,0.0609,0.1618
2025-03-13,pulse-demo,2274.41,1141,57,57,19,39110.77,0.0280,0.3333
2025-03-14,pulse-demo,2678.30,1859,101,36,4,24388.31,0.1660,0.0396
2025-03-19,pulse-demo,2272.35,1895,62,49,18,59782.09,0.0350,0.2903
2025-03-21,pulse-demo,7133.55,3224,173,80,12,116366.31,0.0908,0.0694
2025-03-23,pulse-demo,3901.13,1434,59,55,2,23949.72,0.0710,0.0339
2025-03-26,pulse-demo,3573.52,951,112,40,11,25217.03,0.1420,0.0982
2025-03-31,pulse-demo,5084.59,2630,119,118,27,79193.78,0.1843,0.2269
2025-04-02,pulse-demo,3257.82,826,127,52,3,57284.90,0.0450,0.0236
2025-04-04,pulse-demo,2191.21,1462,65,29,5,42023.38,0.0280,0.0769
2025-04-06,pulse-demo,6171.66,2752,143,115,15,118902.49,0.0582,0.1049
2025-04-07,pulse-demo,3245.81,1054,56,48,13,53110.82,0.1650,0.2321
2025-04-09,pulse-demo,2937.44,1900,99,25,13,61842.82,0.1820,0.1313
2025-04-16,pulse-demo,3375.37,1004,99,77,8,61086.51,0.0140,0.0808
2025-04-21,pulse-demo,2172.83,1744,86,27,6,49443.72,0.0630,0.0698
2025-04-29,pulse-demo,2933.21,1880,85,22,8,72006.37,0.1030,0.0941
2025-05-01,pulse-demo,3626.03,1729,51,51,16,72428.61,0.0310,0.3137
2025-05-03,pulse-demo,2544.03,1967,128,52,4,74688.47,0.0970,0.0312
2025-05-04,pulse-demo,3893.40,1176,142,28,20,50726.11,0.1020,0.1408
2025-05-06,pulse-demo,3992.65,1547,140,61,9,66406.44,0.1000,0.0643
2025-05-08,pulse-demo,3011.50,1400,126,75,12,79273.22,0.0630,0.0952
2025-05-10,pulse-demo,3734.56,1721,107,67,8,71874.37,0.1870,0.0748
2025-05-11,pulse-demo,3377.79,1081,109,35,11,22547.04,0.0580,0.1009
2025-05-12,pulse-demo,2533.93,1257,56,46,12,47029.55,0.0820,0.2143
2025-05-17,pulse-demo,5268.33,2581,150,102,23,95589.33,0.0773,0.1533
2025-05-20,pulse-demo,2605.01,1327,60,53,2,38499.26,0.0870,0.0333
2025-05-22,pulse-demo,2267.24,924,121,73,5,28702.73,0.1360,0.0413
2025-05-28,pulse-demo,3948.26,925,139,21,3,79685.78,0.0320,0.0216
2025-05-29,pulse-demo,5950.85,3341,211,68,14,102563.98,0.1584,0.0664
2025-05-31,pulse-demo,3989.05,1628,58,58,14,72874.84,0.1710,0.2414
2025-06-01,pulse-demo,6014.86,2624,235,89,15,127708.34,0.0544,0.0638
2025-06-09,pulse-demo,2045.57,1830,142,70,1,28512.31,0.1250,0.0070
2025-06-12,pulse-demo,6970.96,5372,256,134,31,164300.86,0.1089,0.1211
2025-06-15,pulse-demo,3130.75,809,106,44,17,27271.36,0.1880,0.1604
2025-06-20,pulse-demo,3967.12,834,71,66,16,42621.62,0.1950,0.2254
2025-06-24,pulse-demo,2577.12,1370,146,65,4,57541.22,0.0150,0.0274
2025-06-27,pulse-demo,2566.30,1072,111,37,9,52741.52,0.1930,0.0811
2025-06-29,pulse-demo,3252.69,1572,71,24,16,38000.64,0.1600,0.2254
2025-06-30,pulse-demo,3989.53,1448,106,46,13,48691.86,0.0030,0.1226
2025-07-01,pulse-demo,2898.90,1907,61,61,2,75655.74,0.0490,0.0328
2025-07-12,pulse-demo,2710.23,1815,131,29,1,31049.15,0.1970,0.0076
2025-07-13,pulse-demo,6456.13,2476,257,84,34,96767.78,0.0540,0.1323
2025-07-15,pulse-demo,2619.23,1517,84,72,11,64302.95,0.0010,0.1310
2025-07-17,pulse-demo,2029.48,1947,137,64,14,24478.70,0.0090,0.1022
2025-07-18,pulse-demo,2028.80,868,91,26,11,58241.46,0.1620,0.1209
2025-07-19,pulse-demo,2335.01,1256,115,29,7,54702.19,0.0890,0.0609
2025-07-20,pulse-demo,4281.14,2276,115,115,28,83594.26,0.1471,0.2435
2025-07-29,pulse-demo,5927.85,2948,258,85,7,137174.50,0.0899,0.0271
2025-08-01,pulse-demo,2161.27,1674,94,24,8,61987.11,0.1970,0.0851
2025-08-05,pulse-demo,12079.24,6056,344,100,39,263436.31,0.1023,0.1134
2025-08-06,pulse-demo,2407.11,1885,71,40,11,56453.43,0.1580,0.1549
2025-08-08,pulse-demo,2308.00,873,81,30,17,57991.23,0.0040,0.2099
2025-08-11,pulse-demo,5929.66,3028,153,60,17,91741.34,0.1738,0.1111
2025-08-12,pulse-demo,2063.40,1070,77,36,13,44328.89,0.0990,0.1688
2025-08-14,pulse-demo,3001.79,1019,123,29,1,66446.70,0.0870,0.0081
2025-08-18,pulse-demo,3129.05,1781,63,36,2,28787.46,0.1040,0.0317
2025-08-25,pulse-demo,2704.60,1028,126,57,3,54801.47,0.1430,0.0238
2025-08-31,pulse-demo,3876.15,1906,131,55,13,46470.10,0.1410,0.0992
2025-09-02,pulse-demo,3630.35,1317,145,46,19,61555.38,0.0340,0.1310
2025-09-05,pulse-demo,6081.08,2908,172,98,30,65815.46,0.1184,0.1744
2025-09-07,pulse-demo,2002.93,1653,130,57,1,62056.88,0.1250,0.0077
2025-09-08,pulse-demo,3948.60,971,72,23,6,22877.91,0.1850,0.0833
2025-09-09,pulse-demo,2666.69,1645,99,49,12,30753.27,0.1640,0.1212
2025-09-10,pulse-demo,3580.70,1983,127,26,1,24975.33,0.1940,0.0079
2025-09-14,pulse-demo,3723.84,1567,73,61,9,46669.14,0.1550,0.1233
2025-09-17,pulse-demo,2371.30,1774,61,61,5,78766.13,0.1680,0.0820
2025-09-22,pulse-demo,7257.11,3657,225,105,17,92782.27,0.0881,0.0756
2025-09-23,pulse-demo,2360.69,846,51,45,5,66638.65,0.0480,0.0980
2025-09-25,pulse-demo,3064.00,1879,77,26,2,30226.04,0.1170,0.0260
2025-09-26,pulse-demo,6064.66,2183,166,86,30,87796.26,0.0635,0.1807
2025-09-27,pulse-demo,2075.01,1583,142,22,3,23942.93,0.0540,0.0211
2025-09-28,pulse-demo,3267.76,1913,120,67,6,43913.73,0.1680,0.0500
2025-10-01,pulse-demo,7373.45,2399,158,58,6,79874.19,0.1793,0.0380
2025-10-09,pulse-demo,9417.60,4333,269,153,31,174288.81,0.1476,0.1152
2025-10-12,pulse-demo,2835.80,1782,82,40,13,74963.72,0.1620,0.1585
2025-10-20,pulse-demo,7483.03,3638,220,79,18,74210.63,0.0841,0.0818
2025-10-27,pulse-demo,3126.80,1020,103,61,9,26425.97,0.1500,0.0874
2025-11-02,pulse-demo,3213.21,1177,66,50,6,48616.43,0.1800,0.0909
2025-11-04,pulse-demo,2121.34,1299,81,79,6,54917.56,0.0850,0.0741
2025-11-06,pulse-demo,2452.79,1121,74,71,10,66784.34,0.1710,0.1351
2025-11-09,pulse-demo,3356.96,1449,132,61,6,55713.97,0.1370,0.0455
2025-11-17,pulse-demo,3130.78,1913,59,40,3,51177.36,0.0760,0.0508
2025-11-23,pulse-demo,2924.44,1056,64,24,13,33859.75,0.0310,0.2031
2025-12-04,pulse-demo,5340.56,3359,203,84,31,144989.55,0.1055,0.1527
2025-12-07,pulse-demo,3185.17,1800,93,73,11,23401.02,0.0850,0.1183
2025-12-11,pulse-demo,3436.80,1893,130,72,14,32410.14,0.0790,0.1077
2025-12-14,pulse-demo,2656.59,811,131,23,16,68419.08,0.1380,0.1221
2025-12-15,pulse-demo,3915.44,1784,147,68,19,63304.97,0.1590,0.1293
2025-12-24,pulse-demo,6179.31,2461,212,52,38,129875.57,0.0734,0.1792
2025-12-25,pulse-demo,3999.20,1002,126,73,1,24316.70,0.1230,0.0079
2026-01-04,pulse-demo,2121.35,1145,90,31,14,62413.17,0.1690,0.1556
2026-01-05,pulse-demo,3135.08,1175,119,34,4,31297.46,0.0180,0.0336
2026-01-11,pulse-demo,2303.45,1850,57,57,18,70683.66,0.0210,0.3158
2026-01-16,pulse-demo,3811.61,828,120,44,6,63094.08,0.1870,0.0500
2026-01-20,pulse-demo,4276.79,3891,200,64,8,129652.89,0.0772,0.0400
2026-01-25,pulse-demo,4637.25,2373,171,81,19,99572.02,0.0334,0.1111
2026-01-26,pulse-demo,2286.78,1330,95,75,9,51309.67,0.1900,0.0947
2026-01-27,pulse-demo,2931.72,1638,69,29,13,72298.28,0.0670,0.1884
2026-01-30,pulse-demo,7201.60,3657,178,76,26,79086.49,0.1322,0.1461
2026-01-31,pulse-demo,2549.91,1321,130,66,3,32808.33,0.0210,0.0231
2026-02-03,pulse-demo,3831.41,1683,120,29,2,48915.73,0.1680,0.0167
2026-02-04,pulse-demo,5757.87,3128,146,134,36,153494.15,0.1602,0.2466
2026-02-10,pulse-demo,4519.29,2906,190,126,26,77197.17,0.0415,0.1368
2026-02-23,pulse-demo,2412.42,1893,127,38,19,31415.99,0.0930,0.1496
2026-02-24,pulse-demo,3011.55,1473,106,56,11,54712.91,0.1400,0.1038
2026-02-25,pulse-demo,6193.33,2924,258,148,26,115732.45,0.0851,0.1008
2026-02-27,pulse-demo,5756.30,3404,154,86,16,68232.95,0.1139,0.1039
2026-03-01,pulse-demo,2423.63,1465,57,57,4,32405.96,0.0280,0.0702
2026-03-04,pulse-demo,2415.95,1864,56,46,4,38768.36,0.1040,0.0714
2026-03-05,pulse-demo,3912.16,1138,122,45,14,35422.90,0.0010,0.1148
2026-03-06,pulse-demo,3819.27,1710,92,38,2,61754.87,0.1340,0.0217
2026-03-07,pulse-demo,3041.03,1004,76,49,3,32410.77,0.0230,0.0395
2026-03-15,pulse-demo,2375.61,1945,64,29,12,29089.87,0.0310,0.1875
2026-03-17,pulse-demo,3694.11,1656,80,52,3,42506.94,0.0670,0.0375
2026-03-21,pulse-demo,2851.31,1614,131,37,13,24935.73,0.1010,0.0992
2026-03-24,pulse-demo,3480.07,984,138,79,11,76923.26,0.1890,0.0797
2026-03-29,pulse-demo,2762.83,1434,94,35,15,53835.22,0.0370,0.1596
2026-04-01,pulse-demo,3665.49,1791,145,75,4,32871.12,0.1490,0.0276
2026-04-02,pulse-demo,2499.59,1736,148,40,2,51561.08,0.1280,0.0135
2026-04-03,pulse-demo,3465.93,1446,73,66,14,32918.07,0.1840,0.1918
2026-04-12,pulse-demo,3296.79,1098,86,30,15,74243.25,0.0400,0.1744
2026-04-13,pulse-demo,2506.44,983,60,46,3,49729.66,0.0980,0.0500
2026-04-14,pulse-demo,2200.60,1420,132,59,3,55896.02,0.1850,0.0227
2026-04-18,pulse-demo,4025.22,2576,235,67,14,123033.68,0.1506,0.0596
2026-04-23,pulse-demo,5909.00,2959,177,67,27,108007.12,0.1347,0.1525
2026-04-29,pulse-demo,2475.63,1536,125,50,4,65685.21,0.0230,0.0320
2026-04-30,pulse-demo,3512.23,1965,136,44,6,24163.87,0.0710,0.0441
2026-05-29,pulse-demo,2651.23,916,148,25,11,64507.41,0.0030,0.0743
2026-05-30,pulse-demo,2006.11,874,119,48,8,43844.47,0.1460,0.0672
2026-06-01,pulse-demo,3639.18,985,140,58,1,67822.48,0.0320,0.0071
2026-06-02,pulse-demo,6835.45,3367,134,126,26,129789.18,0.0356,0.1940
2026-06-06,pulse-demo,2860.79,1866,149,41,14,54812.85,0.0330,0.0940
2026-06-08,pulse-demo,2946.55,1295,111,22,15,47232.33,0.0890,0.1351
2026-06-10,pulse-demo,6275.96,2043,192,110,30,104323.50,0.1208,0.1562
2026-06-19,pulse-demo,2046.24,1523,90,65,12,62825.37,0.1530,0.1333
2026-06-21,pulse-demo,3538.48,1688,81,21,7,51073.34,0.0700,0.0864
2026-06-22,pulse-demo,3834.24,1959,70,70,9,40806.14,0.1210,0.1286
2026-06-23,pulse-demo,2318.04,1677,112,39,7,34600.50,0.1030,0.0625
2026-06-25,pulse-demo,3765.89,1330,53,53,13,34576.60,0.1480,0.2453
2026-07-03,pulse-demo,2274.81,1407,52,50,14,41646.12,0.0670,0.2692
2026-07-08,pulse-demo,3529.65,1391,64,59,17,23140.86,0.1530,0.2656
2026-07-11,pulse-demo,3616.71,1724,118,46,6,71584.91,0.0100,0.0508
2026-07-14,pulse-demo,3061.60,1084,144,73,3,26209.34,0.1430,0.0208
2026-07-15,pulse-demo,3882.45,1278,93,65,12,68103.33,0.0940,0.1290
2026-07-17,pulse-demo,3423.14,1487,117,37,4,26867.89,0.0650,0.0342
2026-07-18,pulse-demo,3921.48,1058,98,21,4,23954.80,0.0960,0.0408
2026-07-19,pulse-demo,2057.54,1483,106,65,13,20233.67,0.0270,0.1226
2026-07-20,pulse-demo,3721.11,1118,140,39,1,78398.54,0.0020,0.0071
2026-07-21,pulse-demo,3269.52,1276,126,31,10,73993.99,0.1320,0.0794
2026-07-23,pulse-demo,2316.88,1023,68,43,8,41954.05,0.0630,0.1176
2026-07-24,pulse-demo,3332.82,1332,58,55,5,64902.31,0.1050,0.0862
2026-07-29,pulse-demo,3371.34,1955,109,22,9,56193.25,0.0460,0.0826
2026-07-30,pulse-demo,3162.38,852,75,22,14,62349.93,0.1170,0.1867
2026-08-01,pulse-demo,3247.80,1456,106,78,9,43154.41,0.0760,0.0849
2026-08-04,pulse-demo,2876.62,1527,51,51,1,31263.18,0.1580,0.0196
2026-08-08,pulse-demo,2835.65,863,50,50,6,41238.50,0.0110,0.1200
2026-08-09,pulse-demo,2852.33,1264,80,58,15,35778.58,0.1970,0.1875
2026-08-10,pulse-demo,8277.83,5862,198,128,38,116212.94,0.0911,0.1919
2026-08-17,pulse-demo,2911.13,1246,130,59,19,28521.28,0.0070,0.1462
2026-08-19,pulse-demo,5368.93,3357,262,110,17,79760.43,0.1442,0.0649
2026-08-20,pulse-demo,3485.45,1580,71,59,6,69518.63,0.1590,0.0845
2026-08-22,pulse-demo,2964.66,1525,150,70,1,31131.87,0.0020,0.0067
2026-08-24,pulse-demo,3703.11,1212,125,68,15,37782.95,0.1030,0.1200
2026-08-26,pulse-demo,2779.76,1214,103,44,20,23863.41,0.1660,0.1942
2026-08-27,pulse-demo,6045.90,2860,277,131,21,91166.65,0.1105,0.0758
2026-08-29,pulse-demo,2827.15,1264,52,52,2,25332.74,0.0360,0.0385
2026-08-30,pulse-demo,2454.34,1257,123,27,1,78405.39,0.1240,0.0081
2026-08-31,pulse-demo,2243.25,1245,105,68,1,75586.95,0.0580,0.0095
2026-09-03,pulse-demo,3385.81,1646,111,53,2,51336.90,0.0070,0.0180
2026-09-09,pulse-demo,6429.61,2082,187,109,13,99629.32,0.0571,0.0695
2026-09-20,pulse-demo,3820.24,1452,150,27,7,60233.13,0.0750,0.0467
2026-09-22,pulse-demo,3050.27,1933,50,50,14,66731.24,0.1360,0.2800
2026-09-25,pulse-demo,3359.25,1000,121,29,13,23740.49,0.1460,0.1074
2026-10-01,pulse-demo,6775.12,2180,252,86,18,145840.56,0.0675,0.0714
2026-10-04,pulse-demo,6398.99,2049,204,117,5,106908.61,0.1586,0.0245
2026-10-06,pulse-demo,2669.56,1326,99,46,1,54615.91,0.0860,0.0101
2026-10-12,pulse-demo,6216.09,3062,197,70,28,95047.91,0.1616,0.1421
2026-10-22,pulse-demo,7587.57,3620,260,104,10,137549.57,0.0885,0.0385
2026-10-25,pulse-demo,3043.55,934,141,32,19,54947.60,0.0610,0.1348
2026-10-26,pulse-demo,2687.65,1073,64,32,8,72892.75,0.2000,0.1250
2026-10-27,pulse-demo,3060.29,1946,140,21,11,35030.01,0.0700,0.0786
2026-10-28,pulse-demo,2235.19,1549,89,26,6,27563.37,0.0330,0.0674
2026-11-02,pulse-demo,4501.51,3097,199,139,29,107608.37,0.0214,0.1457
2026-11-05,pulse-demo,7483.17,2451,153,83,11,115826.72,0.1214,0.0719
2026-11-09,pulse-demo,3573.44,845,85,25,17,61803.79,0.0830,0.2000
2026-11-10,pulse-demo,2721.35,1994,50,40,19,63610.04,0.0760,0.3800
2026-11-13,pulse-demo,3063.93,1706,103,37,9,77801.41,0.1630,0.0874
2026-11-22,pulse-demo,2362.99,1933,83,67,6,73667.02,0.0680,0.0723
2026-11-28,pulse-demo,7834.68,2592,206,101,31,95079.95,0.0989,0.1505
2026-12-03,pulse-demo,7134.57,3557,184,97,8,83455.41,0.0943,0.0435
2026-12-04,pulse-demo,4222.57,1781,245,104,17,91936.86,0.1019,0.0694
2026-12-06,pulse-demo,3089.80,1298,140,46,17,70220.09,0.0650,0.1214
2026-12-10,pulse-demo,3016.62,1051,85,74,19,58861.58,0.1750,0.2235
2026-12-12,pulse-demo,2066.01,1985,120,64,1,49459.22,0.0570,0.0083
2026-12-16,pulse-demo,3611.08,858,120,66,12,41174.12,0.1550,0.1000
2026-12-18,pulse-demo,3079.60,856,100,79,5,78082.55,0.0680,0.0500
2026-12-19,pulse-demo,2156.29,1740,69,56,6,22336.74,0.0430,0.0870
2026-12-28,pulse-demo,3365.09,1309,140,74,4,31339.91,0.1580,0.0286
2026-12-30,pulse-demo,2862.19,1933,148,62,20,62993.80,0.0260,0.1351
