date,company_id,revenue,expenses,cash_inflow,cash_outflow,cash_balance,outstanding_invoices,profit
2026-12-15,4,27407.21,17496.76,41842.41,46309.93,91441.05,17964.33,9910.45
2021-03-08,27,41156.72,15215.49,38872.97,36029.75,79576.94,13735.54,25941.23
2019-11-22,11,31897.53,20167.85,43730.78,35826.88,83678.47,133.58,11729.68
2019-02-28,3,40723.13,26527.17,43832.46,24037.69,48685.07,13562.58,14195.96
2026-08-31,39,44333.21,31821.97,39641.47,46586.26,52359.23,15832.39,12511.24
2018-01-12,9,23775.32,27318.94,29019.12,13657.55,72953.16,13790.7,-3543.62
2018-08-01,17,47781.25,34020.84,41196.35,45901.23,15029.9,3045.0,13760.41
2018-05-15,8,42108.37,24399.37,34774.1,44090.72,83486.51,6117.53,17709
2021-07-11,23,14865.56,34660.88,45514.68,41682.43,91580.43,19993.4,-19795.32
2018-12-30,22,31786.97,39406.15,35758.57,11818.24,25427.98,6609.9,-7619.18
2020-10-26,7,21335.64,22221.36,15094.88,40339.23,54560.56,6914.24,-885.72
2023-06-28,26,25106.57,29322.07,45752.77,40081.03,86783.72,13534.37,-4215.5
2019-10-04,22,45694.61,37933.89,22789.92,18759.9,24036.04,18610.07,7760.72
2025-12-16,4,13384.55,21455.88,47522.24,41235.76,13481.35,11966.1,-8071.33
2022-01-05,21,43852.33,31989.13,49988.18,18959.83,78068.75,11643.79,11863.2
2020-12-23,13,33109.18,27717.76,34343.46,48741.32,18034.74,9788.13,5391.42
2022-05-30,27,18216.49,30522.13,16097.42,42664.52,40341.15,13929.16,-12305.64
2021-04-11,29,14402.07,17512.1,41214.8,24706.48,23419.17,1632.93,-3110.03
2019-03-08,20,18292.83,25263.59,29765.49,16839.31,75431.88,17693.97,-6970.76
2021-08-12,17,11574.46,17825.96,42562.31,17226.12,37443.54,15910.81,-6251.5
2025-03-16,5,49051.61,23876.18,26436.88,37196.56,98191.32,9677.38,25175.43
2025-12-19,30,49799.94,28637.52,26270.71,12988.79,34915.22,14810.72,21162.42
2025-06-04,12,30346.54,14539.47,22248.29,26765.75,42662.87,1915.07,15807.07
2020-03-02,38,34348.94,9340.34,29440.28,14017.58,94598.1,9119.42,25008.6
2018-12-14,2,49717.45,12098.02,48679.55,23352.18,86965.48,12653.21,37619.43
2023-06-20,16,30435.5,22061.6,43732.9,49909.9,74900.86,18068.03,8373.9
2024-03-26,9,37348.06,26069.11,38543.32,42365.27,48750.22,19122.28,11278.95
2018-03-19,16,10303.3,23767.28,30023.63,12860.52,78969.02,10496.13,-13463.98
2022-09-03,1,44454.28,23262.55,34170.28,23941.84,99393.3,777.03,21191.73
2021-07-27,31,32374.26,8852.6,29887.16,19684.26,31130.36,13691.55,23521.66
2020-05-12,5,26889.94,14692.67,10651.72,13152.5,32317.91,11710.0,12197.27
2025-01-29,4,31869.39,21342.69,20329.04,9628.58,21896.33,1605.45,10526.7
2021-06-13,32,15430.26,13881.37,47856.69,31131.62,69549.2,15749.29,1548.89
2025-02-16,35,42429.4,31598.2,28315.41,49229.08,19666.74,2338.9,10831.2
2024-10-09,26,28745.47,12717.76,25876.42,14800.59,33561.51,18467.44,16027.71
2019-06-09,1,25756.78,16773.19,44898.83,29119.88,35993.91,12235.67,8983.59
2026-07-30,8,40960.32,18462.85,33251.34,23976.43,46942.7,15407.59,22497.47
2023-03-26,7,33935.13,15832.53,49745.51,28561.2,90334.51,7557.55,18102.6
2021-11-17,20,36534.56,37412.69,46565.0,33541.02,53451.76,12794.99,-878.13
2026-09-21,19,32283.23,28104.19,41019.49,33663.78,57255.22,6574.6,4179.04
2019-08-11,10,25318.2,9165.44,48775.5,29613.78,39581.44,19198.24,16152.76
2024-04-28,31,33318.59,16175.51,25035.88,39017.22,58756.69,11470.06,17143.08
2022-09-28,40,23825.79,20285.84,35773.41,39573.05,27457.89,14790.31,3539.95
2026-10-19,3,47862.71,15701.57,47927.71,21665.31,60940.76,11762.33,32161.14
2019-05-26,32,31145.98,10759.99,34491.79,21353.57,18100.65,12097.85,20385.99
2024-02-18,38,31131.4,26648.71,40394.84,44539.31,83872.43,8748.3,4482.69
2023-01-05,35,17015.68,19046.03,36774.39,24934.39,35348.33,15005.96,-2030.35
2021-12-22,38,26891.43,39031.1,34370.79,14693.22,10281.4,11649.29,-12139.67
2023-08-18,32,32662.71,15309.74,18076.61,8398.2,25401.06,5142.11,17352.97
2023-05-09,21,42317.28,31985.12,13091.06,10254.59,18632.42,1975.87,10332.16
2019-05-10,17,27165.02,13701.35,46028.25,34817.27,78982.43,5592.12,13463.67
2020-12-13,23,42262.6,21167.01,34826.82,24472.94,64124.89,9045.92,21095.59
2018-06-02,36,15925.85,18339.28,40378.45,15789.06,84625.13,2901.43,-2413.43
2021-09-28,22,43227.45,31326.23,38160.32,12433.5,61313.54,7416.66,11901.22
2021-12-18,31,11272.1,17932.03,43254.8,10839.37,27477.08,833.71,-6659.93
2018-05-22,2,42592.6,30407.6,46250.32,29778.62,41781.13,1350.92,12185
2026-03-05,21,19021.59,11071.63,32900.83,44430.73,71417.66,15492.94,7949.96
2021-11-06,29,13993.05,17964.95,13201.79,39348.73,62642.24,19378.2,-3971.9
2024-01-26,6,37923.17,28505.97,30015.68,48956.8,88816.01,19280.68,9417.2
2019-08-16,40,10315.23,24887.58,15603.87,41464.15,72638.78,1891.27,-14572.35
2018-06-28,32,41904.15,28755.19,43951.07,38740.33,20680.62,275.45,13148.96
2023-02-07,27,46355.46,27050.21,14921.68,42936.55,93483.22,782.27,19305.25
2019-12-21,27,44487.42,8505.71,25113.74,35266.93,88191.13,9152.05,35981.71
2018-06-16,21,15291.26,34065.64,42898.45,31963.31,69622.63,7792.19,-18774.38
2018-06-25,22,27702.09,8702.94,44269.47,9787.57,48932.61,8491.3,18999.15
2020-05-07,38,28970.53,36689.59,43390.37,35685.1,30182.78,14302.57,-7719.06
2020-01-13,23,47255.75,21421.96,48917.98,28262.5,20148.62,2480.06,25833.79
2021-12-12,27,23088.72,31160.87,24221.0,28579.61,83074.8,858.65,-8072.15
2021-03-15,2,11586.16,10457.94,47614.07,25899.12,43720.92,8540.1,1128.22
2024-11-19,18,37055.9,24575.39,20330.84,21189.26,13071.97,17219.79,12480.51
2021-06-02,5,27674.79,38266.98,42964.88,41196.5,11669.99,4885.31,-10592.19
2022-09-16,2,29257.92,34334.41,43774.57,38736.44,70787.69,1012.82,-5076.49
2021-10-08,36,25978.66,18105.04,39947.3,32259.67,82583.68,16831.0,7873.62
2023-11-21,28,20852.55,29460.5,18198.79,13239.43,28570.78,6034.27,-8607.95
2018-01-31,32,18219.14,18032.45,13962.17,39554.12,43496.2,17117.58,186.69
2022-04-07,28,19671.72,33996.2,29066.8,36493.18,40721.32,19133.78,-14324.48
2025-03-12,8,12573.77,16518.31,35696.1,32561.16,63373.96,12373.87,-3944.54
2025-08-16,13,42441.32,8662.67,43352.67,26379.53,52582.51,13801.0,33778.65
2021-04-25,32,45908.73,12639.89,18503.64,40555.84,24892.08,420.26,33268.84
2023-09-07,17,26080.94,32278.05,42392.08,24299.43,45860.82,81.18,-6197.11
2018-10-11,10,11080.77,21186.53,33255.62,32555.16,92536.65,13148.28,-10105.76
2022-12-23,11,46991.51,33566.17,11787.0,42989.68,61908.3,9616.78,13425.34
2025-05-15,38,33102.27,24575.25,28959.98,29356.8,28024.28,11968.96,8527.02
2024-05-15,40,21915.15,26867.15,18174.67,8488.01,92914.46,1742.48,-4952
2019-06-08,27,28725.38,21144.54,42851.91,46180.64,46062.88,2493.44,7580.84
2018-02-11,3,21822.64,30397.4,25741.9,46121.7,68047.76,18211.18,-8574.76
2018-02-06,36,17319.64,11061.9,19705.67,40945.9,69994.04,5568.01,6257.74
2024-06-04,9,38036.19,16046.56,21764.08,47864.48,10877.35,8846.47,21989.63
2022-10-30,11,44114.86,36605.35,40840.76,10301.63,95426.39,6211.31,7509.51
2020-10-08,33,23494.5,23257.04,31593.98,40363.29,77851.02,3195.89,237.46
2023-06-13,24,10359.99,14998.88,34753.0,24704.62,15462.55,7156.76,-4638.89
2026-07-21,38,40014.04,20034.56,24988.54,32516.06,79003.79,1483.64,19979.48
2025-03-13,27,39348.89,29298.42,11932.65,46721.81,68172.72,18358.69,10050.47
2024-09-07,21,46768.75,38032.46,14778.41,30882.39,33441.13,11341.02,8736.29
2023-04-13,17,28466.5,9915.1,27973.52,48022.39,26527.03,548.61,18551.4
2020-10-19,36,31952.98,39883.33,20891.09,9443.53,94432.84,15825.68,-7930.35
2019-05-07,31,44043.47,27467.15,28248.27,33534.96,88445.86,3124.1,16576.32
2021-12-28,6,34085.03,17128.14,27830.53,44054.02,42486.5,12177.22,16956.89
2026-10-04,20,37715.31,26610.13,16687.26,43387.06,28113.81,2180.22,11105.18
2026-09-15,11,35881.26,13232.32,33924.05,39023.93,26106.84,2164.58,22648.94
2024-01-04,18,15595.59,34504.89,44441.88,29451.79,44609.39,11394.12,-18909.3
2024-05-20,35,45277.29,16733.07,48128.07,43149.71,32206.43,10350.2,28544.22
2022-05-28,8,44951.94,35725.68,44811.35,26127.28,25871.5,5634.23,9226.26
2024-08-29,5,16501.56,31842.13,29171.69,21049.62,66121.1,16871.65,-15340.57
2024-07-07,1,31260.65,14100.87,48341.46,42103.59,57723.78,2448.15,17159.78
2021-05-04,32,16115.55,9055.61,17106.41,42367.4,50304.61,9795.37,7059.94
2018-03-16,39,37449.98,33562.5,29938.47,46537.38,48546.18,16853.41,3887.48
2018-07-14,11,40402.28,19224.5,49398.63,13463.3,58639.06,16856.3,21177.78
2018-02-28,36,23239.43,9776.2,30693.37,38163.49,79835.71,3763.62,13463.23
2018-10-24,33,48355.41,14173.16,33002.99,25341.4,14800.18,6647.04,34182.25
2020-09-18,28,23363.82,38417.83,47823.72,25337.32,91443.63,8780.25,-15054.01
2019-05-22,17,45458.21,39632.01,35776.12,8310.66,83057.96,13687.34,5826.2
2018-03-11,3,36498.54,18395.05,35398.4,36814.54,90364.38,13731.13,18103.49
2025-06-03,18,49294.89,20872.08,23233.72,23006.34,69403.45,7012.17,28422.81
2023-07-07,39,48600.09,30226.57,28352.13,25484.49,32865.32,12817.5,18373.52
2023-05-21,36,21830.08,19036.69,10174.51,33300.82,32146.11,11144.34,2793.39
2019-08-15,33,33922.28,19059.79,29926.3,43574.24,48689.1,5579.52,14862.49
2019-04-28,36,14481.1,31982.22,13689.34,14486.41,73682.25,1057.96,-17501.12
2023-11-01,40,46287.99,25101.76,30027.76,20599.21,70607.08,66.02,21186.23
2018-03-28,35,40900.28,12663.72,20838.43,34171.93,84522.67,19618.99,28236.56
2024-06-06,28,46915.91,8523.17,33947.72,9134.74,60067.93,7773.84,38392.74
2026-10-01,29,44962.55,30144.92,30431.62,15408.07,89949.38,2838.04,14817.63
2024-02-26,18,42379.35,34816.09,31825.26,19665.97,55819.04,9425.66,7563.26
2021-11-01,32,24793.89,37345.1,49850.55,19998.69,76183.43,6808.61,-12551.21
2019-03-17,12,38412.74,39672.12,48718.52,42146.17,82642.47,17321.32,-1259.38
2018-08-04,21,25509.56,39393.42,24163.06,13893.28,94913.74,17668.98,-13883.86
2021-11-09,33,48560.13,22236.23,13874.85,41023.71,83190.26,9375.88,26323.9
2023-10-07,16,12920.07,13945.0,29897.95,30092.93,84720.22,568.28,-1024.93
2020-10-19,21,35866.86,37403.76,24257.26,42853.22,14423.56,11099.56,-1536.9
2020-10-06,2,36757.65,32561.38,11202.55,34789.68,53316.35,14901.46,4196.27
2020-10-24,36,28213.93,12542.79,41918.94,15415.81,75953.68,1028.35,15671.14
2025-08-12,25,42459.81,11201.11,49469.37,44897.84,48901.11,4071.18,31258.7
2026-10-21,1,47998.04,12302.57,39667.22,13704.82,45075.97,11524.31,35695.47
2026-05-23,19,35423.67,27064.47,29839.98,41363.5,89916.36,10681.58,8359.2
2018-02-05,34,44003.39,20653.85,12357.49,40856.16,89697.65,57.88,23349.54
2026-06-23,5,10637.1,22341.63,29436.5,14633.61,59083.83,5023.08,-11704.53
2025-02-17,20,28904.17,13849.06,36368.95,37453.27,66556.08,9727.55,15055.11
2024-03-05,15,46293.99,37790.62,38584.14,43272.82,46448.2,10079.37,8503.37
2023-09-13,31,13001.76,23712.73,31029.36,22841.28,66508.89,19923.59,-10710.97
2022-08-15,24,18247.4,38375.25,15331.03,34966.92,85663.69,76.38,-20127.85
2024-08-20,40,30798.27,34342.21,34455.7,28720.58,46669.97,17956.89,-3543.94
2026-12-25,7,24985.51,14808.62,41930.93,34072.24,98593.33,7656.84,10176.89
2019-08-21,7,26547.02,37169.57,39402.02,10480.15,37405.26,9999.76,-10622.55
2018-10-22,35,35296.15,39861.68,48394.5,11945.87,42185.48,1047.84,-4565.53
2021-03-01,15,42862.61,22583.26,40467.55,46457.63,93610.17,18519.95,20279.35
2026-02-21,14,10805.63,10261.0,45278.66,41362.91,47695.14,7666.07,544.63
2019-12-04,15,49699.73,31220.91,19689.46,41915.51,28312.57,3218.91,18478.82
2023-06-13,3,45030.36,19950.57,16440.53,41968.3,27176.77,5286.13,25079.79
2023-03-20,15,19003.48,15594.97,23311.01,38009.31,37524.0,12140.65,3408.51
2023-08-05,15,15307.56,35634.36,14217.09,27262.42,22810.48,9912.13,-20326.8
2018-02-02,14,44300.49,34368.61,16248.09,14007.85,22171.99,5018.26,9931.88
2020-05-08,28,27559.42,19360.41,20854.07,38847.97,36031.59,3567.0,8199.01
2019-03-14,16,20230.82,22693.82,15779.58,45225.72,94696.88,11576.76,-2463
2023-12-10,39,48621.97,26776.15,38163.61,32206.71,26964.34,6296.53,21845.82
2026-01-03,4,42909.83,26061.91,21257.09,20947.2,68785.59,17682.71,16847.92
2019-01-14,21,19363.51,10864.79,27349.46,39672.41,41264.43,3090.04,8498.72
2021-03-03,31,41388.19,22499.43,47559.2,45703.35,90200.3,8751.33,18888.76
2022-04-14,10,24190.41,32434.04,44382.95,17860.37,39456.99,4006.49,-8243.63
2018-05-24,39,46072.97,32361.83,15761.17,47244.44,45186.32,11212.03,13711.14
2024-07-22,38,41605.06,35466.19,25378.97,14785.98,31769.08,5433.83,6138.87
2025-05-06,28,10374.14,21320.28,10888.26,14285.59,29639.22,15100.66,-10946.14
2026-02-03,27,21241.35,19647.2,43774.06,15226.67,78687.5,18630.25,1594.15
2022-01-17,26,22752.18,8360.58,23460.39,16169.87,82062.77,13119.14,14391.6
2019-03-25,13,24344.58,20070.03,49560.06,38051.58,86913.07,4445.28,4274.55
2021-11-20,32,40692.96,20527.95,39884.21,37626.07,62989.74,14290.91,20165.01
2025-03-29,26,40010.29,27856.92,18129.19,12304.2,98685.56,1124.25,12153.37
2021-12-07,25,39121.03,19135.42,39621.57,36365.73,74489.3,14745.81,19985.61
2026-11-09,23,27926.06,36352.26,24442.2,17706.45,99338.54,1628.67,-8426.2
2020-04-07,28,43906.64,9935.61,30652.31,45409.82,49164.71,726.46,33971.03
2021-08-03,4,30834.02,8678.94,40654.81,18013.58,19022.83,16586.63,22155.08
2019-01-09,8,47979.0,12547.9,20832.08,47733.61,96415.49,13616.78,35431.1
2025-11-16,6,25072.17,9942.16,36353.04,25341.9,38349.51,16648.77,15130.01
2024-02-25,3,48245.62,9894.42,37169.89,13295.2,74075.24,14327.4,38351.2
2019-09-17,40,10653.79,13324.45,22674.53,26535.48,13020.49,2232.21,-2670.66
2019-03-12,21,30889.58,15632.81,43509.7,20615.3,83114.24,2683.73,15256.77
2026-08-16,19,47752.28,18832.77,40578.47,40011.92,42587.61,6687.79,28919.51
2026-02-04,33,16231.25,36287.16,44876.49,15863.17,36354.92,1300.95,-20055.91
2018-11-12,7,45089.14,33377.24,30957.95,12773.57,19283.08,7084.05,11711.9
2022-06-13,35,15822.77,26258.49,23469.08,18950.97,31395.32,5904.4,-10435.72
2018-08-05,4,38530.36,15056.86,48654.05,36548.83,30737.04,6729.02,23473.5
2020-11-28,29,35317.47,22664.58,21703.68,16133.69,36987.99,6237.19,12652.89
2019-04-13,40,25737.79,33662.74,11442.03,35999.39,76843.62,2208.94,-7924.95
2019-09-30,20,41124.95,18359.65,15176.92,46271.5,64584.22,12234.26,22765.3
2023-06-07,16,13934.92,21220.41,30931.87,41778.79,58815.25,10392.91,-7285.49
2026-11-20,20,13325.52,28423.87,42386.09,28248.23,45197.93,16469.07,-15098.35
2023-10-07,28,42417.27,34881.08,28900.7,22694.83,82617.84,18439.13,7536.19
2023-03-24,13,23854.11,20775.22,22789.01,41302.6,66608.51,19438.95,3078.89
2018-03-25,6,36413.55,23395.23,27003.51,48895.8,70891.33,3664.03,13018.32
2020-10-10,16,45021.19,10850.31,24278.49,24512.74,27810.43,7682.87,34170.88
2019-07-08,18,19875.09,11676.34,49214.34,16661.25,94756.72,16658.93,8198.75
2018-04-27,21,38865.26,37472.81,44850.5,35060.44,12404.91,9800.1,1392.45
2026-07-30,17,25753.66,14353.04,40136.22,27003.96,61987.11,2021.01,11400.62
2019-07-13,3,14373.41,14700.4,20115.03,21754.72,63032.35,2660.1,-326.99
2026-03-24,16,35036.93,16475.78,11177.15,8611.83,95238.57,7319.09,18561.15
2019-04-29,14,45070.35,26336.98,24418.56,48474.99,13946.13,19310.67,18733.37
2022-01-07,18,38899.78,30776.61,46739.78,20698.47,47881.46,7694.3,8123.17
2018-01-29,2,13754.33,22953.94,12145.24,15009.09,50538.08,4242.47,-9199.61
2025-05-01,21,49253.85,32498.84,36154.32,23050.66,85657.16,11431.43,16755.01
2020-12-27,2,48322.34,22382.17,38561.46,24808.53,36690.58,6688.68,25940.17
2020-09-14,35,29523.77,22228.01,47971.61,39058.43,32382.22,191.63,7295.76
2024-02-14,18,36086.16,30627.42,49988.08,17689.47,18070.9,16515.59,5458.74
2018-11-28,38,38864.97,9286.04,27268.83,33875.39,36683.97,8181.01,29578.93
2024-01-08,11,32798.1,8945.57,42726.09,12942.74,32657.88,16042.97,23852.53
2018-09-15,5,31317.68,12893.63,29683.46,47393.02,77149.19,4731.32,18424.05
2026-09-06,14,47389.11,26941.63,38050.4,38186.96,82559.23,10046.66,20447.48
2024-08-14,35,19409.31,32998.06,49742.99,8829.1,81377.01,9727.49,-13588.75
2018-07-31,15,19761.69,18437.17,16373.7,32429.47,29012.38,10418.53,1324.52
2025-04-28,10,13352.45,23764.02,29579.83,25221.01,10867.67,2332.8,-10411.57
2023-01-13,20,25591.36,11193.26,29884.61,26358.81,80292.19,2803.18,14398.1
2026-05-10,29,25313.03,8381.78,42346.84,20608.97,76777.67,8852.06,16931.25
2020-06-07,21,34752.78,22527.64,12242.36,37581.79,86176.95,11975.85,12225.14
2019-04-26,31,11028.9,34142.28,36187.49,31569.75,62824.04,3524.12,-23113.38
2024-02-21,23,22956.53,8354.75,47716.93,48278.28,63853.86,19161.7,14601.78
2023-11-26,19,31619.95,25306.96,37962.13,47188.76,60029.83,9804.82,6312.99
2026-04-07,6,21784.63,32313.95,37862.72,47746.24,69299.83,1070.22,-10529.32
2022-09-24,25,47433.83,10621.68,17761.39,39701.88,23320.54,13596.75,36812.15
2020-11-05,20,43963.05,25741.88,30940.63,36864.41,99705.89,12295.33,18221.17
2025-02-18,31,29191.0,8144.63,29288.94,40298.76,46972.55,18418.91,21046.37
2021-08-13,33,16197.0,25130.59,17534.04,19237.91,87767.58,7239.92,-8933.59
2026-11-21,19,38792.16,12669.67,43899.77,36388.73,98048.84,9733.32,26122.49
2026-01-11,30,29635.04,16989.71,43873.49,38603.58,12518.09,11166.58,12645.33
2018-11-21,17,16290.0,26719.58,12560.61,20322.3,96469.65,16279.09,-10429.58
2026-11-11,2,25848.22,20760.41,38924.14,41778.98,87734.05,6547.83,5087.81
2023-07-11,23,32234.55,20980.4,29251.34,16575.31,21751.33,17607.59,11254.15
2020-04-07,29,41504.92,34920.94,19606.25,21511.99,41176.3,349.41,6583.98
2026-06-08,10,39803.87,38631.24,46335.56,38972.03,52771.98,10811.11,1172.63
2022-01-05,16,31140.41,9332.21,12320.63,15989.08,15054.63,5994.83,21808.2
2020-11-08,29,47322.52,13765.89,27282.04,21666.11,35271.53,6094.04,33556.63
2019-01-01,10,47493.11,10566.54,30475.25,39922.63,34747.18,19501.45,36926.57
2022-08-06,5,25819.46,23558.4,32272.3,11259.42,76686.38,15452.5,2261.06
2022-11-18,15,11673.61,36336.4,20890.2,27313.07,86856.16,12951.83,-24662.79
2019-03-04,26,45701.04,19539.93,38251.12,33604.52,18542.99,1805.67,26161.11
2022-05-23,28,12511.81,31165.08,15719.09,43732.43,87473.85,17965.37,-18653.27
2025-08-18,21,14262.04,18694.07,16308.69,18335.09,90683.89,4934.58,-4432.03
2026-11-04,38,34262.16,11737.07,44384.04,28144.03,47616.62,17572.22,22525.09
2020-10-06,7,48323.96,28024.74,32613.82,13946.78,66732.81,8561.35,20299.22
2024-10-15,34,13651.39,15038.47,46936.89,33750.73,55184.78,12548.26,-1387.08
2018-05-20,13,29368.3,23579.99,35138.02,38549.16,34784.38,1291.27,5788.31
2024-05-10,32,47937.74,13729.14,14133.95,21583.8,79690.31,13181.23,34208.6
2024-12-25,17,24547.54,15237.87,39480.54,12109.33,70530.77,14270.38,9309.67
2018-03-02,7,42956.6,28406.48,28079.34,26268.05,11773.17,5038.76,14550.12
2023-09-06,16,18831.54,26859.05,42534.78,19562.61,55472.99,19255.2,-8027.51
2023-09-03,31,48146.41,12448.29,48115.26,13469.49,55035.55,2071.69,35698.12
2020-09-25,14,45493.79,17361.05,41002.8,16473.28,43440.93,12789.43,28132.74
2021-12-22,1,36376.07,37933.55,28698.0,22067.57,48522.73,11844.41,-1557.48
2023-11-29,13,42736.74,33545.83,33876.43,41688.19,21282.56,13680.54,9190.91
2026-03-25,5,17482.32,20197.2,28324.96,33240.61,96449.38,64.59,-2714.88
2021-05-25,2,45127.79,12686.05,49988.61,16534.98,22214.45,13030.55,32441.74
2025-03-29,15,40235.28,24154.05,34992.63,10022.16,33183.29,5930.12,16081.23
2026-02-06,2,28060.14,21470.89,12272.94,42976.9,34035.72,1231.59,6589.25
2026-04-23,37,24169.92,31661.83,36656.88,18482.22,93910.72,14058.9,-7491.91
2024-12-28,31,28844.41,17765.82,23624.81,40118.36,54401.97,12614.89,11078.59
2018-04-10,9,29555.03,38514.55,26965.32,32584.2,88448.65,14177.04,-8959.52
2024-02-02,24,15238.51,8857.91,27548.21,16301.12,86172.71,19889.0,6380.6
2020-03-10,14,21073.78,33369.74,19667.7,45892.08,16089.18,14673.52,-12295.96
2018-02-14,2,38662.36,31503.45,42891.0,19266.52,10390.81,7195.66,7158.91
2021-11-30,4,42467.67,13501.42,10313.79,28201.43,49609.9,6868.64,28966.25
2025-01-16,21,20687.04,23761.27,22692.76,20232.09,76177.89,1476.15,-3074.23
2019-02-25,24,20639.93,23684.69,35647.19,40708.48,85805.71,9383.96,-3044.76
2024-06-16,19,22025.97,31381.61,24044.08,44882.07,24194.02,10299.99,-9355.64
2026-03-13,19,27401.15,34742.98,45262.26,19206.88,11019.34,9759.4,-7341.83
2024-12-15,33,47432.1,19050.65,29280.66,29491.15,58153.35,15028.79,28381.45
2021-04-17,4,39669.89,23518.02,38111.61,14599.37,60120.18,15305.57,16151.87
2026-08-15,31,18565.05,18608.3,36981.69,16071.74,76101.86,16972.14,-43.25
2018-03-20,11,24819.68,14393.25,44152.95,14020.12,37125.79,14373.65,10426.43
2026-07-21,3,22470.7,24457.22,39829.72,25082.25,73084.04,198.21,-1986.52
2019-03-04,26,35088.51,28028.58,23794.91,37479.76,67949.93,708.7,7059.93
2019-10-14,11,37218.09,13614.02,38185.78,13909.34,20839.32,19182.0,23604.07
2022-06-05,5,23574.29,29035.0,36969.51,39844.48,20747.73,19084.76,-5460.71
2023-08-28,34,41748.7,25970.86,49238.94,25794.28,85053.07,5914.3,15777.84
2023-03-26,8,36130.89,25615.81,36249.16,42931.02,23606.01,6429.81,10515.08
2024-01-22,31,29392.54,8856.25,25426.21,8565.24,96202.21,1074.49,20536.29
2019-01-20,17,10171.53,29661.79,20871.58,16631.89,29243.14,9345.01,-19490.26
2019-09-22,28,16461.23,21570.95,44062.17,48561.43,68950.84,3189.11,-5109.72
2020-09-11,9,16839.83,33686.91,46091.75,27666.73,60383.05,981.61,-16847.08
2023-12-21,17,20926.63,14112.55,47513.55,12130.01,76166.42,705.21,6814.08
2023-10-19,38,48006.65,8543.11,49932.88,36626.59,81045.33,8181.18,39463.54
2022-05-24,7,19819.11,25606.68,21096.97,48315.71,54753.2,3274.48,-5787.57
2021-03-15,40,38937.87,29972.6,20885.82,13747.76,70719.54,15370.83,8965.27
2021-09-21,23,18851.07,20326.85,41168.36,22040.95,79280.55,382.17,-1475.78
2024-02-16,24,15530.44,37632.37,35688.88,36201.2,19915.09,4494.5,-22101.93
2022-06-04,29,47841.96,24542.83,11998.94,46798.99,36356.97,19783.37,23299.13
2020-05-25,31,33450.47,22141.26,28373.12,34561.1,85603.11,8175.21,11309.21
2022-11-27,21,38712.41,33383.73,30520.23,41310.66,74434.79,3170.13,5328.68
2024-11-18,30,17180.39,24565.46,38321.98,24038.35,28591.76,15633.15,-7385.07
2023-03-23,1,39404.76,14961.4,10862.65,32131.09,17223.47,12313.22,24443.36
2018-05-31,33,42377.44,10004.86,35500.02,35839.46,52817.9,11302.36,32372.58
2022-03-08,17,23021.65,39585.86,17239.89,12309.98,53058.97,2080.44,-16564.21
2023-03-12,13,34014.07,35823.36,24751.2,15523.3,91343.35,9908.37,-1809.29
2020-07-09,39,23493.14,14290.94,34901.5,26452.94,48449.68,9065.83,9202.2
2026-01-07,35,30625.57,38102.85,28455.65,49435.84,25826.76,16644.71,-7477.28
2019-04-18,35,10995.83,32710.96,21443.5,24584.85,18307.14,10268.62,-21715.13
2023-03-26,21,23875.6,30286.13,13592.78,21218.99,22963.13,6548.17,-6410.53
2020-06-29,39,45519.52,32527.62,18360.59,47122.57,49508.62,16645.38,12991.9
2021-08-15,23,28127.28,32497.93,14567.15,20250.8,94455.5,7133.99,-4370.65
2025-07-02,29,31702.76,34353.66,11428.58,15119.39,22915.24,4332.02,-2650.9
2019-12-23,27,29535.05,33422.64,46513.68,14973.45,38355.01,15342.51,-3887.59
2026-04-18,33,28263.52,11977.35,40323.45,15033.46,28429.14,19341.45,16286.17
2022-11-29,24,10824.11,31818.93,47270.49,27354.36,75636.67,10810.68,-20994.82
2018-06-08,2,47596.92,30588.74,33814.52,14366.57,58517.06,9582.98,17008.18
2023-05-20,32,27473.24,8949.46,21159.97,47248.72,89502.63,1833.81,18523.78
2023-05-22,15,45644.57,8010.26,20231.35,20007.84,15905.24,5902.31,37634.31
2018-05-01,26,15508.56,28867.26,21889.07,23327.45,45347.51,4313.34,-13358.7
2026-01-12,18,47896.43,17859.53,16783.4,40387.41,24537.47,14112.08,30036.9
2025-06-29,8,24062.43,38530.05,23152.69,9500.11,18958.3,5578.68,-14467.62
2019-06-23,7,23171.95,22294.29,35870.7,49725.77,38008.17,10615.07,877.66
2023-01-13,13,39892.93,13963.26,26955.69,34948.6,49039.57,2346.12,25929.67
2018-10-22,15,18790.25,38756.87,20152.37,24809.95,66105.48,3135.39,-19966.62
2023-03-28,25,14450.66,38403.75,45292.55,46996.29,21230.53,14675.37,-23953.09
2023-09-02,34,12848.03,31068.05,42397.53,41974.62,95115.74,10499.32,-18220.02
2022-06-23,18,44056.62,32125.0,30814.29,26814.72,43318.22,6220.89,11931.62
2022-11-02,32,41805.93,14691.77,34135.14,18077.02,30142.55,5107.36,27114.16
2018-01-17,26,28489.98,30122.93,42024.87,23083.79,10040.23,13221.51,-1632.95
2022-02-23,23,34890.47,16877.24,32492.38,49416.59,88087.24,13143.57,18013.23
2021-04-10,38,23249.6,37811.47,37304.22,36279.64,70884.76,3593.52,-14561.87
2022-12-13,36,36889.53,23400.27,45342.82,20264.75,19728.74,7968.35,13489.26
2021-08-24,27,25210.2,14795.12,17527.92,37321.19,52103.54,5762.48,10415.08
2026-09-27,20,24958.07,37823.82,23993.39,22177.89,56218.43,1702.26,-12865.75
2026-10-01,14,16446.44,10398.68,36229.49,46404.4,98675.52,15554.45,6047.76
2020-07-07,37,29645.82,13100.34,29264.98,11029.7,52372.96,9907.51,16545.48
2025-03-13,38,21869.84,20770.87,19656.34,36307.33,76223.65,18890.05,1098.97
2021-11-10,3,41181.43,22074.09,17961.43,26220.45,48041.06,10999.87,19107.34
2023-05-29,1,39439.8,10023.9,27671.87,29216.69,66705.27,4042.77,29415.9
2026-08-31,24,34493.52,17040.23,12307.03,10076.46,64074.76,18416.1,17453.29
2019-07-27,22,17729.26,25531.99,23769.33,43075.36,31484.59,1537.12,-7802.73
2022-01-30,21,43306.06,9124.56,11240.64,25498.62,70515.6,19944.16,34181.5
2019-10-27,4,19371.83,29435.36,31688.22,28837.06,80154.69,5951.07,-10063.53
2024-08-29,10,31470.98,26765.6,41906.03,36588.14,90969.44,8589.43,4705.38
2024-04-19,34,43089.75,15005.38,12584.41,32831.39,44938.28,6036.19,28084.37
2020-01-01,11,15535.29,12004.35,33542.77,28898.34,50913.12,5876.33,3530.94
2023-12-30,37,27956.3,33641.79,22593.08,42690.52,18096.33,7802.87,-5685.49
2019-12-12,12,24204.39,19135.13,39487.77,48353.4,23074.77,1691.64,5069.26
2023-11-30,16,23079.19,12980.66,18170.59,24311.39,10005.58,8264.88,10098.53
2024-04-03,32,43977.03,31862.31,34984.39,40803.13,82655.31,12757.77,12114.72
2023-09-10,13,48006.62,8836.81,46744.98,40613.05,16897.85,4560.85,39169.81
2023-08-30,21,10257.86,28822.0,48022.86,42321.58,47073.06,6619.78,-18564.14
2026-07-06,26,38900.75,32065.68,24630.42,11574.66,48452.04,1179.19,6835.07
2023-09-02,35,45732.59,35964.24,30612.9,34044.07,71002.55,3690.18,9768.35
2026-12-18,6,27224.9,36851.68,10462.87,36291.22,94132.92,8949.15,-9626.78
2018-05-07,18,11177.94,30750.85,48605.09,39190.05,68996.02,11127.02,-19572.91
2024-05-02,12,49970.83,25794.26,31695.26,42644.96,32875.84,18464.47,24176.57
2020-06-10,1,26705.94,18702.92,40054.29,40382.27,59886.24,15546.4,8003.02
2022-11-08,40,19669.75,11266.75,31452.77,24230.11,18664.04,3476.25,8403
2023-10-14,17,42653.48,16101.19,11214.97,17695.56,96075.17,15109.76,26552.29
2019-08-08,7,44446.81,18234.25,28895.93,11972.69,59082.63,12552.83,26212.56
2019-11-27,23,39708.24,19121.09,19013.72,24396.97,35160.36,9319.24,20587.15
2023-02-18,18,30716.73,19790.04,32243.62,35144.73,85979.43,13321.51,10926.69
2023-08-04,19,35670.6,17060.14,28800.61,16034.2,68291.01,10185.75,18610.46
2020-10-19,33,41798.94,23332.19,22656.78,36347.76,29993.57,13766.31,18466.75
2020-04-05,12,47363.29,36623.5,17786.83,28675.02,34511.88,8899.28,10739.79
2024-09-14,10,10076.62,23689.92,30237.13,15034.88,56066.89,15692.18,-13613.3
2018-07-13,27,31871.34,39445.17,49820.47,42987.96,79904.24,18570.41,-7573.83
2026-05-06,35,40359.52,14512.54,44580.83,20771.99,74968.02,17946.9,25846.98
2021-03-21,5,36812.84,15917.97,44874.2,9351.94,15974.71,75.11,20894.87
2022-11-04,30,10653.05,23798.98,32559.16,48735.44,51583.55,14619.31,-13145.93
2020-12-11,34,31465.91,19807.29,19694.15,35871.95,27304.84,6444.33,11658.62
2019-04-12,22,18323.12,28725.11,22039.62,26488.05,61032.4,6443.98,-10401.99
2021-05-04,6,14354.06,10416.76,30627.51,8789.71,38140.93,11388.34,3937.3
2022-05-23,1,26765.98,36478.9,30592.2,34745.77,46469.39,12649.02,-9712.92
2025-02-14,1,46556.29,20709.4,45539.81,33409.46,85990.42,7254.25,25846.89
2018-04-30,7,28943.0,10725.67,29625.97,39080.69,10558.55,6112.23,18217.33
2024-07-27,10,43562.41,20774.97,23524.75,28193.84,15381.42,15437.65,22787.44
2023-09-23,38,49349.23,9314.18,32688.22,14074.65,57899.75,7523.53,40035.05
2019-10-08,4,34079.0,19887.31,32485.14,35953.37,27588.65,19472.69,14191.69
2025-11-04,22,38334.46,38817.31,11788.46,36102.86,37259.26,14869.78,-482.85
2024-06-17,31,17436.8,21315.42,10222.77,40992.34,48074.49,13115.83,-3878.62
2023-11-02,31,34339.34,31366.04,14225.13,45376.37,32971.89,17796.07,2973.3
2018-02-09,23,20110.67,36587.35,21683.93,12321.15,84445.37,7066.41,-16476.68
2021-05-06,25,11969.96,22052.45,31949.33,11491.72,48750.15,16518.4,-10082.49
2020-05-15,35,40803.11,27935.47,34882.18,40051.98,97855.47,18619.48,12867.64
2023-09-15,38,19017.15,25610.0,10334.07,34717.82,74455.98,1343.91,-6592.85
2022-05-13,36,18405.94,16623.99,20135.11,37547.76,87151.85,17682.95,1781.95
2026-08-05,25,47632.86,23087.92,29659.86,39885.17,30604.36,7093.06,24544.94
2021-03-30,17,30438.34,26010.63,25990.02,38713.55,66481.73,4119.3,4427.71
2018-01-26,27,43735.23,28265.02,40709.23,45060.27,19683.28,17859.87,15470.21
2024-06-19,17,18363.93,38110.06,49213.74,8891.85,81900.86,7979.12,-19746.13
2023-07-26,35,35889.34,38480.05,29718.7,45612.16,25413.33,5094.81,-2590.71
2024-09-11,37,28981.46,25338.39,46225.32,22308.22,82300.85,3054.4,3643.07
2025-01-06,35,28521.66,19716.83,23594.62,40706.91,73154.32,17675.05,8804.83
2025-10-12,26,44143.72,21199.38,26993.83,45830.36,11443.37,12473.18,22944.34
2020-04-16,31,48441.54,16148.02,46937.96,31309.33,44369.86,16946.49,32293.52
2025-02-05,30,19278.95,9049.3,21043.18,29033.83,39940.79,1858.42,10229.65
2022-08-16,31,13291.0,32510.83,12984.53,48160.48,43822.97,10865.64,-19219.83
2019-09-02,2,11700.75,29938.3,17682.67,34241.99,50599.02,19690.77,-18237.55
2018-01-04,38,49183.06,29275.09,19953.63,11464.13,39180.33,6638.67,19907.97
2020-01-01,6,23924.33,22822.0,33097.96,49933.0,65929.28,11042.52,1102.33
2018-09-09,27,42299.29,25109.8,19518.99,30716.78,36059.88,8655.75,17189.49
2024-05-20,29,18010.91,22046.17,39224.46,12289.94,86276.66,12254.1,-4035.26
2018-09-23,7,23592.31,39283.42,16437.38,46138.49,89016.48,994.24,-15691.11
2026-04-06,26,27678.96,34897.94,15227.29,18437.2,45466.01,12483.69,-7218.98
2023-03-18,20,41213.8,19648.31,34688.69,38920.78,99825.37,3258.46,21565.49
2018-11-23,21,25080.23,16226.78,14433.2,25496.92,38020.61,5762.82,8853.45
2018-07-01,23,14921.36,17037.76,19285.03,40747.41,55916.69,7118.84,-2116.4
2022-09-16,12,32956.34,12755.77,29470.28,40125.34,91247.04,1463.97,20200.57
2025-09-14,13,33765.66,9908.0,20099.53,48087.79,83298.0,13331.12,23857.66
2026-03-17,36,45495.45,21185.81,22024.35,17304.45,97319.11,14062.68,24309.64
2019-08-04,8,34843.24,10161.78,35098.64,29931.42,40705.45,11653.48,24681.46
2025-02-13,22,32998.96,23801.58,45210.69,26690.12,42556.29,6634.08,9197.38
2022-06-09,9,23538.15,36465.92,38106.05,44632.05,72783.71,13126.51,-12927.77
2025-12-16,27,41152.27,28289.99,10036.09,30165.53,70855.73,7745.06,12862.28
2023-07-23,37,10662.82,38276.01,32283.94,15004.32,21575.22,11958.11,-27613.19
2022-07-08,11,25273.43,9630.97,27756.49,40380.39,32408.47,11052.31,15642.46
2025-03-27,17,38467.58,37614.49,47607.23,12529.11,18920.97,547.7,853.09
2021-01-26,1,14836.06,38508.24,18777.81,12750.89,17690.55,6920.59,-23672.18
2026-05-28,38,37636.64,39417.97,36336.58,16373.45,93891.44,12025.27,-1781.33
2020-01-26,3,32480.77,23817.02,16172.09,24755.1,30901.03,10423.21,8663.75
2023-02-17,14,28229.21,35072.52,19249.4,45095.31,98056.02,18324.57,-6843.31
2026-04-19,2,21317.36,35517.99,44454.59,49353.27,84204.47,7346.24,-14200.63
2023-04-04,13,46826.48,22491.8,24177.63,27792.42,67632.9,13591.11,24334.68
2022-04-26,33,20063.83,36252.9,10821.31,25047.56,66951.55,6341.91,-16189.07
2026-04-16,27,20391.15,29185.67,23533.07,46147.31,25469.3,2786.82,-8794.52
2021-05-08,10,11690.8,29793.99,32190.88,15124.1,22623.67,4812.47,-18103.19
2022-04-18,26,24005.35,12935.57,36541.15,34282.67,25922.43,10264.27,11069.78
2021-05-29,40,38477.2,31594.67,42208.01,48179.59,54128.57,1965.07,6882.53
2024-03-14,23,43077.79,18986.29,22313.16,34237.16,84073.22,16786.73,24091.5
2024-08-13,6,40058.88,35565.45,37344.12,36674.01,81694.95,9062.4,4493.43
2018-12-04,15,10514.08,10412.93,12284.69,15266.85,48812.76,16868.66,101.15
2020-04-29,2,11308.43,15597.98,39065.86,8645.67,18970.26,12074.03,-4289.55
2021-06-25,32,14117.0,36564.67,42437.23,36406.45,20517.86,14566.54,-22447.67
2018-11-02,3,33739.5,14872.56,38033.79,21054.33,50067.92,18386.38,18866.94
2019-11-19,4,49021.58,10768.71,12547.15,35507.39,17406.05,1415.3,38252.87
2018-05-05,40,40889.28,14550.55,13858.64,43560.7,79562.06,11149.36,26338.73
2023-08-31,39,49463.21,35770.1,31472.79,12674.4,90486.78,10512.22,13693.11
2020-05-15,17,22583.46,37633.09,19004.78,44450.78,37591.96,13972.97,-15049.63
2020-09-02,7,32979.54,13821.25,26657.73,30120.57,47535.48,10098.02,19158.29
2024-02-09,26,22610.29,10526.6,34577.23,44203.1,59539.52,2977.85,12083.69
2025-06-27,10,17857.76,33747.34,21781.99,33436.11,58133.35,5096.71,-15889.58
2023-12-18,40,20643.54,20782.43,38616.34,10074.07,16699.64,15113.79,-138.89
2021-09-19,11,37898.66,13887.81,35445.46,16370.88,19630.32,1646.93,24010.85
2024-12-07,16,11633.39,17680.83,17539.97,45111.91,22077.84,5251.91,-6047.44
2019-10-29,31,47837.06,31274.22,48071.81,20963.83,39959.24,4730.86,16562.84
2021-09-22,9,49320.91,22378.09,36865.85,19144.8,38228.19,16601.2,26942.82
2019-07-04,25,38209.09,19762.18,27558.79,49932.14,49618.39,5249.27,18446.91
2021-09-01,2,26113.0,12208.1,43960.59,23139.59,30343.64,14484.16,13904.9
2021-10-07,19,28730.86,34868.23,41030.2,28040.05,96958.71,16085.47,-6137.37
2023-03-03,19,43553.12,13387.46,27815.82,44015.51,74841.64,7445.14,30165.66
2020-06-27,18,10360.28,13759.03,24752.62,23839.3,79569.29,3044.11,-3398.75
2024-07-29,37,40486.13,28082.39,44503.5,10822.73,76116.66,12803.5,12403.74
2025-08-14,26,17804.15,35495.73,46436.47,13910.83,55748.15,1136.28,-17691.58
2018-04-21,10,29646.68,15898.2,37677.32,44790.73,26012.77,13795.28,13748.48
2023-02-09,24,47645.97,39269.83,24692.18,49085.73,87721.44,2808.11,8376.14
2024-06-26,12,30543.85,19395.95,37088.27,14279.75,20231.8,4786.88,11147.9
2022-12-26,6,30835.15,39516.03,24327.66,34243.97,62588.96,10450.95,-8680.88
2026-11-03,1,45199.43,27042.64,40047.64,35385.99,17444.93,5413.17,18156.79
2025-04-20,17,37990.59,27397.55,40715.37,39782.01,12806.03,13833.34,10593.04
2022-05-23,25,13835.85,38887.38,25292.31,22990.06,26232.24,8841.61,-25051.53
2023-10-01,8,40654.95,22502.48,13069.11,30922.11,87270.57,13792.46,18152.47
2019-10-03,7,37164.92,34181.18,43837.08,20112.84,58431.84,14087.57,2983.74
2019-04-24,23,27039.63,12274.89,12839.63,9618.47,99273.82,17651.45,14764.74
2022-06-11,32,24137.98,31680.87,36892.7,16883.53,72053.46,19053.13,-7542.89
2021-08-15,32,20192.28,30109.82,38850.33,18289.66,47463.45,2942.73,-9917.54
2025-07-19,37,24695.7,8404.85,27547.87,24085.42,18244.06,12454.08,16290.85
2024-04-05,17,10918.4,9482.1,17758.69,27567.33,43293.84,10783.49,1436.3
2021-09-15,11,30620.97,24751.33,17234.05,35132.72,77718.1,8710.1,5869.64
2019-10-27,10,45236.59,32638.64,29957.5,27663.47,71570.92,16172.03,12597.95
2019-11-12,36,24782.09,24769.83,10861.66,8215.03,15760.98,10821.87,12.26
2022-07-02,18,33958.79,22565.04,44601.55,40186.96,45493.9,18571.11,11393.75
2025-07-07,25,35605.45,13166.19,47857.34,41310.06,68642.19,7334.51,22439.26
2021-12-24,15,34858.49,32837.84,29772.5,49013.53,87095.7,3027.04,2020.65
2018-01-19,3,30422.5,26476.93,47119.34,25319.91,59694.13,19790.98,3945.57
2026-01-25,2,36149.79,28004.6,20567.81,9432.81,25070.77,10081.37,8145.19
2023-01-31,28,40814.09,35571.2,45335.24,43137.64,81594.3,19750.69,5242.89
2019-09-22,18,30244.08,35535.91,47480.12,10058.42,15361.71,2479.85,-5291.83
2018-01-20,34,36957.86,24064.25,37004.49,15687.94,82871.46,12734.09,12893.61
2026-02-07,39,20063.4,17716.47,23740.44,40970.19,45833.23,18596.15,2346.93
2026-04-03,12,46518.26,29080.95,33330.44,35205.47,91977.37,6522.05,17437.31
2020-12-21,27,10942.08,26388.37,24325.89,13574.32,15823.92,4638.6,-15446.29
2019-10-29,1,33218.54,31018.95,46566.88,31718.19,21002.08,12721.43,2199.59
2021-08-20,7,31544.08,39181.48,39854.23,11385.17,35667.31,5804.62,-7637.4
2024-03-14,30,48106.74,20549.18,20433.32,42783.18,80557.27,14112.61,27557.56
2020-04-27,1,38326.78,35474.94,49697.87,31333.52,61478.06,14194.64,2851.84
2018-08-18,4,31527.55,34111.67,43411.12,10820.01,92066.95,8768.13,-2584.12
2018-03-10,29,11322.45,33212.31,38581.73,17714.61,91155.62,2357.19,-21889.86
2022-05-19,36,19043.87,28179.4,37964.57,16974.13,95417.27,16350.69,-9135.53
2018-03-08,30,18587.37,38907.99,16862.11,14464.05,53096.06,8167.95,-20320.62
2018-05-17,11,17153.04,15097.16,32712.24,44461.44,67957.74,15157.71,2055.88
2024-08-18,12,37431.99,29537.54,22173.85,29189.94,60195.13,7292.19,7894.45
2020-02-17,7,19954.94,28161.51,15177.78,46468.08,94098.6,6694.77,-8206.57
2019-07-04,19,29702.31,25387.91,24124.37,13020.39,99149.69,13353.25,4314.4
2022-07-26,13,29279.08,13122.38,22958.3,31323.72,56513.67,19523.23,16156.7
2026-08-20,35,31854.33,13958.98,23030.46,25113.51,77348.16,13285.87,17895.35
2018-01-05,11,36051.17,17704.68,38066.76,38743.79,53229.75,3409.66,18346.49
2025-07-22,14,21404.31,12398.85,42874.24,46333.92,18921.25,7819.9,9005.46
2021-06-21,1,26260.44,11143.73,23063.99,14543.17,54887.17,7656.37,15116.71
2025-02-27,10,17979.83,21316.4,21471.24,30254.77,37051.03,3034.22,-3336.57
2021-04-05,18,24552.12,11064.15,47712.2,43778.58,25521.69,9705.23,13487.97
2026-01-23,3,21339.72,21132.54,29613.25,26148.49,62264.16,2239.27,207.18
2023-12-08,34,28417.46,32513.75,23260.74,32745.83,53044.34,17639.26,-4096.29
2019-04-18,4,42426.57,17349.98,21472.55,43722.18,72947.71,13124.57,25076.59
2019-10-02,19,41491.03,20595.64,25036.22,30916.16,31542.48,3441.88,20895.39
2021-08-18,17,33547.29,33504.02,25395.89,21112.73,76268.18,12178.43,43.27
2020-10-07,27,11390.64,39790.53,25037.76,21186.63,65572.33,10875.34,-28399.89
2021-10-14,32,43020.72,11029.87,37381.81,15536.81,47522.11,13735.34,31990.85
2026-09-10,30,26189.57,9944.31,20986.55,41001.61,38807.94,11999.24,16245.26
2021-03-31,20,28088.62,23547.29,48843.96,8154.42,73961.81,7218.98,4541.33
2026-07-28,33,29984.33,31648.37,28904.7,10351.64,96971.74,13751.85,-1664.04
2026-01-19,17,46380.14,39379.79,16442.27,36149.72,18052.31,4801.85,7000.35
2019-11-09,7,12157.15,28394.49,41715.48,22808.98,51518.02,7340.04,-16237.34
2026-12-25,25,12561.27,23736.62,45890.95,21288.36,26296.94,9180.89,-11175.35
2020-01-04,18,23724.4,29719.31,10504.05,35035.76,70047.52,2551.69,-5994.91
2018-11-12,15,14925.17,16743.02,10697.43,20033.89,55856.94,12693.19,-1817.85
2026-08-15,33,43557.87,29635.17,41111.39,26536.69,59844.82,9583.13,13922.7
2020-09-10,7,49634.79,15479.22,36122.21,34625.04,10013.68,17203.56,34155.57
2022-04-11,6,43494.23,38382.76,45173.72,14225.19,79487.82,2033.68,5111.47
2018-08-17,22,38302.63,28428.24,19611.54,48425.96,97191.39,14980.12,9874.39
2024-05-30,5,35682.42,15287.68,36955.35,19401.21,94518.26,10412.65,20394.74
2026-02-12,27,34273.58,20497.74,46517.3,37674.13,55923.6,4949.95,13775.84
2025-08-17,15,43570.55,36534.49,39516.35,11656.64,44361.79,6975.81,7036.06
2019-01-25,39,10644.85,14444.61,25920.16,31509.06,31024.69,15649.75,-3799.76
2018-02-27,4,37499.96,33931.05,24972.26,33651.83,68892.47,527.65,3568.91
2025-12-20,13,29638.25,23023.48,34847.96,26593.08,25218.92,18770.5,6614.77
2018-05-09,21,34136.06,14715.97,46950.61,11214.75,99048.94,3229.3,19420.09
2023-02-16,14,30140.55,39731.0,27135.99,34783.7,75248.12,8463.55,-9590.45
2018-09-30,15,37798.75,16400.74,28066.45,11663.85,97757.14,578.88,21398.01
2019-12-15,13,32467.32,23559.3,11213.51,19876.41,83395.86,1577.57,8908.02
2020-09-09,6,37837.92,16510.44,41565.18,40642.4,12031.24,4957.62,21327.48
2026-05-13,34,13996.91,21217.98,43812.14,27749.38,16633.93,17386.51,-7221.07
2023-06-12,40,11222.74,29313.04,45490.59,9638.79,70586.34,12059.94,-18090.3
2024-12-28,13,36554.28,21902.83,10632.58,23213.56,29894.36,15409.29,14651.45
2020-05-14,35,31854.7,37495.78,40640.31,29700.39,94464.03,14002.15,-5641.08
2024-07-14,38,22808.58,16855.83,33782.57,28486.74,86304.5,7040.38,5952.75
2020-06-19,6,17450.22,11120.42,29311.07,17763.12,79673.13,7439.81,6329.8
2026-04-18,34,25399.16,15448.9,26051.04,40160.84,49668.04,9615.75,9950.26
2021-05-09,28,30392.25,34072.42,47734.97,10029.61,30044.31,7425.59,-3680.17
2020-10-10,37,44452.21,11093.11,33827.77,47481.24,85103.4,843.77,33359.1
2024-04-16,10,40711.22,39236.8,30841.14,49813.41,29721.83,5817.66,1474.42
2019-01-28,15,41690.58,22682.01,35218.34,40559.36,76632.67,4100.04,19008.57
2021-11-23,3,18634.51,35247.56,14256.58,11389.15,94512.12,9541.17,-16613.05
2022-07-01,20,46345.47,14925.54,25536.85,15654.79,94021.86,11233.35,31419.93
2026-01-21,34,24553.97,25911.35,47531.98,49113.65,47143.21,16164.13,-1357.38
2024-02-21,27,20271.58,33792.81,14284.03,46450.81,27959.79,4124.93,-13521.23
2025-04-16,24,46583.38,28736.79,27431.9,18735.24,19422.87,16157.85,17846.59
2020-02-16,11,29625.69,10732.75,35064.11,48091.76,86049.06,16928.09,18892.94
2020-06-19,10,18294.35,29005.32,15510.01,46202.96,15330.82,7262.41,-10710.97
2026-08-14,10,19275.91,10137.64,40723.2,48771.0,47917.56,12723.98,9138.27
2023-02-17,5,31430.11,31297.52,11711.92,34405.96,34521.36,6892.24,132.59
2022-05-27,37,24397.38,37787.98,39565.0,13491.36,50217.35,15415.08,-13390.6
2024-11-07,22,22340.34,27044.49,12922.3,27213.7,35031.78,946.67,-4704.15
2019-11-15,29,31785.86,19398.63,22320.69,24445.35,77759.12,3323.6,12387.23
2018-12-24,23,18390.13,8760.43,38800.38,32791.2,73817.49,10633.31,9629.7
2022-12-18,1,16496.19,33467.51,45244.93,10853.26,96537.0,6678.96,-16971.32
2018-03-24,19,13740.61,33312.24,38310.52,34324.01,46341.69,1326.57,-19571.63
2020-08-30,30,45101.18,12101.54,34647.03,38389.97,98356.35,7241.36,32999.64
2024-06-06,32,29859.86,34913.04,30119.55,39330.19,53791.37,14002.54,-5053.18
2024-05-14,36,41083.22,31216.48,42829.39,48402.32,87822.69,15011.98,9866.74
2023-03-15,3,33666.13,14955.85,30139.21,26748.37,34979.67,13553.83,18710.28
2026-09-10,22,46059.06,28835.45,36893.22,30634.42,52478.76,19629.13,17223.61
2021-01-01,9,19871.53,28238.67,48468.44,41164.65,35967.06,6336.56,-8367.14
2018-03-09,12,34461.03,23329.06,46938.18,46517.9,20120.95,15604.43,11131.97
2025-06-03,18,14715.01,23017.7,17079.66,34437.57,40215.55,10232.5,-8302.69
2019-06-28,36,29671.9,39616.16,33182.95,22934.86,23508.25,3728.55,-9944.26
2024-10-14,14,10744.68,17963.63,34414.63,46899.21,20318.95,12483.6,-7218.95
2023-11-09,27,49611.47,24882.28,21385.78,13477.93,12199.05,4316.23,24729.19
2020-11-02,16,31810.97,37751.07,20185.69,31987.68,40556.42,19197.26,-5940.1
2022-10-03,10,20130.83,15150.6,41993.71,30320.69,39228.58,1127.79,4980.23
2025-09-17,14,32584.67,9008.03,30741.98,35844.99,58467.74,348.9,23576.64
2021-10-08,1,27654.49,34987.59,49876.37,42230.33,36873.86,12296.67,-7333.1
2022-10-15,20,27534.95,20685.22,20121.34,11184.61,90063.01,3828.78,6849.73
2023-09-07,1,23839.22,34700.83,15436.27,23320.52,75990.17,10043.69,-10861.61
2021-03-07,15,47731.39,8714.15,32141.6,37249.3,85197.94,6112.46,39017.24
2021-05-06,6,27677.89,34173.05,46557.99,49714.66,35630.38,1680.69,-6495.16
2024-05-30,10,27327.98,28240.13,39520.77,21220.43,73825.97,15198.59,-912.15
2022-10-20,20,14928.85,16667.57,37531.0,14757.19,61948.84,490.07,-1738.72
2024-11-01,17,49737.18,30161.85,36827.07,11486.62,67854.86,10764.17,19575.33
2021-12-09,3,17629.72,13086.51,25277.38,9462.01,25719.0,18188.27,4543.21
2025-12-29,16,20556.53,23546.82,37426.91,49490.61,36049.38,14158.82,-2990.29
2025-08-08,21,19212.62,17547.89,26376.56,25706.36,73552.6,12266.26,1664.73
2024-07-08,2,11950.36,32677.32,24750.79,41835.57,92313.16,7516.76,-20726.96
2023-09-30,5,11394.08,24077.85,20334.36,14672.96,74559.17,7743.93,-12683.77
2025-08-10,10,30275.5,36155.66,27936.81,8230.33,36514.37,313.52,-5880.16
2026-12-18,8,24927.5,28344.5,48939.81,9333.0,89524.21,15713.31,-3417
2019-05-19,18,19552.64,35382.11,42988.28,17333.13,38182.75,2049.51,-15829.47
2022-03-03,32,14516.14,33435.3,16907.78,32954.38,26655.45,12632.54,-18919.16
2019-10-07,15,40171.1,34394.79,42249.91,14725.33,24332.48,5419.88,5776.31
2026-02-20,31,25579.21,12586.23,39637.79,21148.0,34111.49,18925.03,12992.98
2026-11-29,28,46899.11,8847.13,28292.42,47922.16,21166.89,18773.12,38051.98
2025-03-23,19,22853.84,10246.48,48128.42,27962.11,40116.36,14857.29,12607.36
2023-04-24,18,42477.97,26342.8,10269.62,47955.13,18499.18,124.55,16135.17
2020-01-21,33,31525.15,20538.28,34258.09,12183.08,28394.91,16323.66,10986.87
2024-03-18,16,34454.61,10520.2,39539.15,8361.89,10532.98,7269.39,23934.41
2018-02-11,31,29525.38,30530.37,21505.7,44378.81,43647.09,8247.57,-1004.99
2026-03-22,9,38285.48,21288.75,38720.93,10741.6,48937.07,13442.05,16996.73
2020-11-11,28,37027.21,31237.08,26129.39,33535.8,86766.54,1313.75,5790.13
2026-03-28,34,46785.0,23513.65,15481.95,11590.43,14275.41,4646.45,23271.35
2025-07-25,35,49363.13,34986.43,18383.33,8981.79,80090.65,17885.25,14376.7
2023-07-20,18,21688.77,20674.65,31353.18,16635.45,12918.01,14556.24,1014.12
2025-12-21,40,32207.35,34106.12,23387.81,35189.44,54632.06,11938.97,-1898.77
2021-11-02,2,25577.79,29042.0,43103.36,30066.64,46215.07,10013.5,-3464.21
2018-02-13,21,19063.34,14146.73,12649.82,38739.55,30634.39,8438.11,4916.61
2026-04-09,25,37620.99,27519.49,28100.73,46142.1,59306.33,19974.89,10101.5
2023-07-13,1,13201.18,21133.8,46466.61,16223.48,49697.85,293.3,-7932.62
2025-04-10,21,24309.12,24287.33,29789.76,12187.51,47876.57,12565.74,21.79
2018-08-01,34,31051.47,35864.07,35573.29,40051.91,15059.09,10136.35,-4812.6
2018-05-25,29,47351.46,11575.63,21601.67,32875.51,63980.78,9063.42,35775.83
2025-07-29,28,38763.0,37405.68,42824.94,10519.54,35695.04,5908.95,1357.32
2018-03-09,10,29741.89,19356.43,16823.74,14673.39,52872.59,17421.3,10385.46
2026-02-20,23,10473.37,36412.84,20682.51,10606.97,31783.06,2245.19,-25939.47
2021-01-17,3,23301.12,35414.73,14224.0,19148.35,58493.42,7084.33,-12113.61
2019-02-23,37,17960.17,32088.65,44181.93,18121.16,87817.22,6928.11,-14128.48
2022-06-18,24,23882.5,33444.45,35719.03,22058.23,12847.39,6306.19,-9561.95
2023-09-03,38,35090.21,27437.18,11480.67,49571.99,72684.74,9159.47,7653.03
2021-02-08,18,46301.89,22100.43,11887.13,41321.79,84486.31,11887.99,24201.46
2020-11-17,21,38336.32,16942.08,12040.15,26645.42,52191.17,14691.87,21394.24
2022-05-04,4,39750.2,24431.17,38813.68,45973.02,53403.66,11399.76,15319.03
2020-07-21,34,32024.32,15913.33,43037.41,11739.51,49185.0,2515.7,16110.99
2025-11-02,20,34524.61,31128.43,27660.55,27887.09,92578.02,19176.2,3396.18
2020-04-05,32,42359.71,19233.8,29915.12,18874.23,22444.78,6793.17,23125.91
2019-12-10,39,11863.23,16412.85,12076.03,13513.18,28803.25,18363.24,-4549.62
2018-11-03,2,11938.26,27540.2,38018.7,44687.0,75403.97,15949.07,-15601.94
2023-09-06,40,13886.18,15950.89,44285.93,19505.77,90050.53,5414.57,-2064.71
2021-03-13,36,26687.14,33161.93,19887.05,9019.16,38306.17,15003.74,-6474.79
2021-05-11,10,15899.91,21521.47,18700.5,46075.16,67348.59,8723.52,-5621.56
2026-09-07,17,41985.83,18735.01,12030.16,28454.79,19388.94,13406.58,23250.82
2024-01-11,40,14487.48,27802.44,18587.0,46471.33,61297.44,9927.57,-13314.96
2020-11-04,32,48426.86,17601.82,46518.1,34670.01,32472.1,13581.52,30825.04
2018-08-07,15,44626.27,9013.66,46801.9,15437.61,23142.68,3620.27,35612.61
2022-01-25,24,10419.96,10957.62,35435.83,44093.28,62603.07,2954.33,-537.66
2023-11-06,29,23535.22,15797.79,49831.98,32424.83,44422.07,6141.42,7737.43
2020-09-08,34,46261.71,39952.77,19172.98,30172.61,22005.91,13141.98,6308.94
2023-03-09,40,14765.4,25506.18,38816.62,43099.95,43524.35,680.65,-10740.78
2023-04-19,14,20956.75,26458.12,21115.77,15635.52,83735.13,15386.62,-5501.37
2024-02-11,30,36096.05,16603.61,36220.94,27073.11,93884.64,4550.7,19492.44
2021-08-30,3,15983.18,15040.19,42301.81,17366.25,90138.55,15933.56,942.99
2023-09-19,23,13681.94,10467.75,14648.13,40636.11,69814.41,12987.5,3214.19
2019-05-19,8,44109.61,21761.86,46688.49,26632.55,27628.99,19900.0,22347.75
2026-10-29,3,30828.59,22439.81,49279.98,20754.77,34641.46,19201.31,8388.78
2020-09-14,13,46940.77,39449.31,48896.29,10618.53,42995.57,9770.22,7491.46
2024-01-25,12,38278.31,13307.35,28182.21,36524.71,18648.91,6462.05,24970.96
2025-02-07,28,46247.83,39302.23,25647.31,25400.25,50388.14,899.05,6945.6
2024-09-28,10,48084.91,11380.18,49981.21,16971.63,57737.64,4664.22,36704.73
2020-06-18,9,13194.58,10841.07,29777.41,40398.21,90392.94,18344.93,2353.51
2018-06-04,13,40537.54,14757.83,49676.47,35932.12,25595.95,9256.5,25779.71
2023-07-18,17,16517.78,16848.65,34243.34,10516.93,50854.24,7145.78,-330.87
2024-05-27,31,35842.21,34002.34,40126.8,29733.63,97997.48,15993.93,1839.87
2026-04-04,4,36230.6,8502.89,43406.0,13881.04,92768.11,5770.49,27727.71
2025-06-20,37,12497.23,14426.06,36154.93,16817.33,63280.92,1128.7,-1928.83
2021-05-31,4,29800.16,27099.08,43091.38,23180.48,90140.66,1038.15,2701.08
2024-04-07,37,28861.55,36867.75,43119.89,12617.84,34011.08,5915.95,-8006.2
2022-03-01,32,16743.09,8902.71,46712.58,29396.38,77423.35,3977.03,7840.38
2020-02-17,6,35873.26,33079.5,43430.59,39340.09,53756.53,19909.66,2793.76
2022-10-17,18,14296.72,18437.53,29075.63,8058.4,15115.91,1481.75,-4140.81
2018-07-21,10,39486.64,29543.76,48519.1,28879.83,52418.15,18242.17,9942.88
2021-12-05,1,24166.9,30674.68,29435.17,29680.24,72510.08,9245.81,-6507.78
2021-04-04,9,12106.07,32262.41,45978.0,35307.04,47179.54,11029.3,-20156.34
2026-07-08,38,11500.71,16268.8,36448.29,18637.74,37196.67,11426.75,-4768.09
2025-10-07,33,49494.81,23161.26,12296.11,15649.31,12435.66,7189.27,26333.55
2024-10-26,34,45436.56,28442.41,30093.69,16658.36,14158.19,19468.94,16994.15
2022-06-24,10,22721.62,39894.48,30380.8,43376.51,82991.71,4773.56,-17172.86
2018-02-05,18,30617.23,22043.65,23307.66,25233.57,19001.66,16967.36,8573.58
2025-05-02,6,22577.73,9447.42,29344.77,39069.06,16361.38,14030.37,13130.31
2018-04-04,1,28177.76,35601.61,31351.72,30319.55,89552.57,7554.29,-7423.85
2022-10-01,13,48998.33,29454.97,25474.37,25415.33,62064.19,19160.69,19543.36
2025-11-04,24,38354.96,39928.84,30077.71,42351.22,14600.25,11770.0,-1573.88
2023-08-29,36,34920.97,18765.56,44558.94,11337.36,47970.78,10978.41,16155.41
2025-08-28,11,19952.67,35220.61,13005.26,22473.14,92424.68,2526.52,-15267.94
2022-01-21,33,11683.0,20294.22,44614.48,9877.02,47734.3,14623.59,-8611.22
2022-08-09,35,48175.36,28879.48,22889.47,22293.63,72627.79,19242.22,19295.88
2026-11-16,23,11697.47,13921.56,18995.16,16526.27,99151.16,1430.6,-2224.09
2019-08-25,34,14716.38,34988.44,21079.97,10717.24,92342.28,3406.59,-20272.06
2021-11-15,36,47997.74,11713.62,37196.78,11076.49,99858.45,11216.05,36284.12
2025-05-11,34,44609.91,12809.21,43835.16,42884.52,46440.68,12001.1,31800.7
2021-02-04,19,42548.0,25321.64,36938.67,17494.77,65862.63,17663.99,17226.36
2020-10-20,26,10927.22,28875.3,42681.45,27271.96,10056.51,5595.14,-17948.08
2024-07-02,24,40471.27,33736.51,35221.93,31670.22,63991.03,15452.85,6734.76
2020-07-04,6,49958.51,30914.6,20414.84,49924.71,57601.93,16736.11,19043.91
2020-11-18,34,44896.54,25977.98,46543.93,12578.52,73021.23,15276.43,18918.56
2022-11-24,32,46546.02,19490.19,11849.58,20590.01,92194.64,4678.37,27055.83
2019-03-02,8,31911.85,22230.22,36540.18,33500.54,22596.57,17992.33,9681.63
2025-08-24,39,23169.32,18905.95,12092.43,48631.6,23119.87,15193.37,4263.37
2022-06-04,33,19605.26,36648.21,15981.58,29231.39,82519.56,5577.92,-17042.95
2018-07-03,32,10809.34,17144.03,34386.92,20202.87,33357.62,5083.04,-6334.69
2025-10-21,20,36070.81,31815.35,17615.12,32502.19,66187.96,30.96,4255.46
2020-04-06,5,48149.0,10210.51,49359.42,41859.42,36963.95,9420.62,37938.49
2025-01-06,1,36285.58,10164.02,12271.43,9270.5,66305.46,5970.18,26121.56
2019-07-03,4,27824.55,37135.5,24687.15,29172.04,87675.55,13068.81,-9310.95
2023-10-19,19,20470.91,8386.68,38131.71,9722.44,87789.37,7354.81,12084.23
2024-02-16,20,32347.64,19433.07,43722.1,11178.62,92544.38,16283.74,12914.57
2019-12-27,9,24034.87,18331.54,29199.38,24712.12,65689.36,9109.69,5703.33
2025-12-23,38,26132.67,20417.25,18152.38,35067.97,30551.3,17404.94,5715.42
2019-05-31,5,44052.58,23222.99,20799.57,44850.63,22285.38,15229.61,20829.59
2022-11-20,24,13738.28,29919.47,23150.77,21082.83,37388.36,10049.04,-16181.19
2020-08-28,5,15920.14,14672.9,29696.77,35235.08,36590.57,1856.55,1247.24
2026-01-08,10,42934.9,15229.04,22286.21,46991.0,99392.19,19488.21,27705.86
2022-08-10,25,43337.98,29867.23,47833.24,18754.22,44803.32,16750.48,13470.75
2018-02-10,14,37800.37,13135.66,43209.79,23843.17,48875.3,2736.69,24664.71
2023-05-17,7,40210.49,17544.45,27688.55,38408.81,59615.03,15670.23,22666.04
2018-08-15,30,47786.74,30661.49,19381.03,49032.24,35440.45,12966.61,17125.25
2023-04-06,39,14297.64,13678.86,47818.89,39101.97,38530.3,18311.32,618.78
2025-07-20,32,41457.36,36519.9,45575.53,11962.23,55774.85,5086.17,4937.46
2022-08-19,38,39327.46,32695.31,41668.24,24035.44,53867.59,18260.25,6632.15
2020-06-22,11,43443.73,27028.36,42630.21,25106.33,23282.46,15041.81,16415.37
2019-05-08,17,14230.77,22497.29,12242.34,39203.58,18052.77,815.68,-8266.52
2025-01-10,3,41815.25,17345.49,42985.74,17140.81,72218.9,18301.33,24469.76
2026-10-18,23,46317.15,16497.81,25164.74,45747.54,72681.3,5735.46,29819.34
2019-01-13,28,32707.78,13640.77,30466.39,41094.17,55789.91,1905.41,19067.01
2024-10-20,30,45014.33,23909.55,49965.88,14756.78,89793.31,3585.7,21104.78
2024-08-31,21,32645.07,36887.62,25360.46,10294.45,58165.05,8557.57,-4242.55
2023-04-18,35,11995.39,13402.69,36250.0,15029.37,48349.35,5164.46,-1407.3
2026-09-03,10,31720.11,12192.77,35094.96,34835.93,70409.3,7651.76,19527.34
2026-03-25,4,44802.83,26685.83,34733.83,9850.44,83743.2,10415.59,18117
2019-06-12,4,14597.71,13804.3,47801.96,19040.84,90094.42,6583.65,793.41
2024-05-14,24,15137.59,24624.44,46149.64,49988.74,71968.27,13127.56,-9486.85
2024-08-01,30,10476.39,21105.73,49654.33,14462.68,14156.42,1070.75,-10629.34
2022-04-05,27,39981.56,19308.86,21028.23,24542.47,51540.57,10704.83,20672.7
2021-11-04,13,16352.6,19161.83,19938.14,32201.4,93122.79,3403.66,-2809.23
2020-10-31,21,23377.48,29635.03,46341.67,37740.08,85558.77,5353.73,-6257.55
2023-07-19,15,24770.5,18863.76,42988.14,28105.92,62075.75,17059.11,5906.74
2018-06-14,23,11437.32,29830.85,34647.29,8567.38,56910.97,7721.54,-18393.53
2025-05-03,31,26898.82,38278.93,32753.82,33013.52,56904.49,17231.0,-11380.11
2022-06-04,20,35547.49,20612.48,38483.56,47118.42,37171.06,12805.95,14935.01
2020-07-10,6,19087.07,15551.86,31850.07,41117.16,70239.49,631.82,3535.21
2026-09-15,2,19341.24,31145.45,16747.33,47633.78,37152.5,18884.34,-11804.21
2024-03-23,17,19110.91,29131.67,30801.47,48833.75,89414.98,10417.81,-10020.76
2022-09-18,11,47709.65,16962.54,12480.77,44708.08,20621.82,8339.28,30747.11
2020-05-12,36,25596.19,10268.05,15702.62,41602.61,80800.78,17039.37,15328.14
2018-09-24,31,35075.1,35834.0,48842.55,9502.55,87688.21,5997.16,-758.9
2024-09-08,1,26100.48,39361.44,25939.42,26307.82,10916.26,1136.51,-13260.96
2024-03-07,1,12481.73,13741.73,18965.56,27119.98,39907.13,11162.35,-1260
2022-09-19,34,34768.54,10463.98,49257.63,17049.13,70516.64,16440.28,24304.56
2021-01-08,11,20493.52,29030.15,22925.28,16553.86,11622.33,13868.33,-8536.63
2025-09-30,39,22206.45,38617.05,20448.41,31821.35,62833.29,18750.89,-16410.6
2022-02-26,33,44703.14,17198.94,37700.53,17836.58,13342.72,11735.41,27504.2
2026-07-09,2,38121.59,30069.51,29447.0,42112.46,82266.76,7211.51,8052.08
2025-11-17,17,22854.22,14456.9,23391.11,18737.86,31467.55,17169.75,8397.32
2019-11-18,35,24292.5,21904.42,33947.96,23324.88,54868.88,5970.14,2388.08
2022-10-08,12,10668.83,35401.37,38178.1,17247.51,12639.31,4570.5,-24732.54
2025-01-02,27,15499.53,17225.31,41542.18,43807.53,78749.31,15958.08,-1725.78
2020-12-31,38,36136.35,35247.5,42434.04,22485.93,75075.26,6209.55,888.85
2021-10-31,40,21102.75,31045.47,46957.01,32009.24,62091.35,13412.61,-9942.72
2018-12-06,37,44625.98,21062.33,37160.95,35793.3,38554.92,16291.02,23563.65
2021-09-10,34,23718.11,10902.03,12627.92,21358.12,18006.98,11397.6,12816.08
2023-11-01,9,23304.56,15575.3,15072.04,35256.65,70675.48,18656.5,7729.26
2024-02-10,12,43906.53,10427.96,14802.32,11847.08,88818.74,7796.28,33478.57
2022-05-16,21,22029.09,10736.82,16700.28,20944.25,35900.23,6932.9,11292.27
2019-08-05,8,34850.74,36501.8,38240.62,24073.47,33656.89,15206.38,-1651.06
2022-02-12,29,26565.11,9926.51,26349.51,10715.85,12229.62,10097.62,16638.6
2020-03-09,6,15151.85,14466.98,37054.78,8446.49,84341.17,9007.89,684.87
2024-10-04,38,19475.3,26011.39,13891.76,22698.45,46161.79,19263.56,-6536.09
2018-11-20,38,12602.64,38284.76,35922.02,37032.52,55155.81,12661.1,-25682.12
2025-01-16,14,32331.89,28911.07,14320.22,43144.61,37723.54,4737.09,3420.82
2023-06-20,19,13168.73,16351.6,12888.92,25108.33,42698.58,801.51,-3182.87
2018-01-28,24,37409.7,32013.16,49964.71,46168.04,28916.14,13996.58,5396.54
2018-03-22,39,33313.82,15742.3,32569.91,17724.81,59914.09,12820.91,17571.52
2018-04-29,3,28000.52,28566.01,35753.04,17395.22,13035.05,15604.36,-565.49
2022-09-22,35,30818.72,30264.74,34881.84,46540.44,49168.08,4470.15,553.98
2021-01-07,5,42339.88,9090.39,24779.38,12395.11,87890.49,17712.65,33249.49
2025-09-25,30,19074.94,13320.72,36463.7,20353.12,41618.06,16302.17,5754.22
2021-07-04,21,17917.45,28482.35,44073.68,42853.93,42988.8,5727.31,-10564.9
2025-05-31,17,26124.22,31494.84,18672.65,43685.45,57975.14,19501.53,-5370.62
2025-10-02,6,30228.82,26713.45,33821.63,32855.02,36245.43,19912.47,3515.37
2019-09-09,32,24427.37,12480.06,36997.23,13587.55,15147.41,10075.93,11947.31
2018-12-11,17,29369.37,29636.05,46322.2,34289.51,33555.05,2568.55,-266.68
2020-07-09,11,27293.49,12229.76,38557.62,49008.94,77092.47,6804.16,15063.73
2023-06-09,40,32090.64,16906.59,28692.51,8919.45,38496.12,9376.93,15184.05
2021-04-02,6,49850.16,21801.42,32740.14,30234.26,66406.03,18399.17,28048.74
2022-12-11,24,17683.28,15723.38,26403.32,37570.39,61961.01,15848.95,1959.9
2023-06-04,10,19586.92,12012.48,31198.22,15128.69,12190.81,2558.32,7574.44
2023-09-22,20,32467.67,23420.73,20930.72,11982.67,70485.95,7299.01,9046.94
2024-11-17,6,18669.14,10169.98,13012.68,30893.73,51272.37,11763.73,8499.16
2024-03-29,27,39126.06,13046.79,41786.8,17114.17,34111.47,12949.87,26079.27
2018-08-29,26,11324.63,24710.49,45169.51,24662.1,52139.89,1716.34,-13385.86
2018-03-19,21,47687.85,13220.61,39705.48,8206.98,28019.3,14019.26,34467.24
2019-02-19,31,16373.15,22345.7,17032.29,38077.93,83832.44,3496.99,-5972.55
2018-02-18,34,43610.65,34935.85,14537.06,39512.68,25039.46,11072.86,8674.8
2020-10-12,25,23623.61,34531.89,41788.0,17391.17,87538.23,6680.11,-10908.28
2026-08-05,8,30924.87,24536.69,49252.42,21700.41,41716.88,9696.88,6388.18
2018-01-07,14,40295.37,38817.26,44546.24,44185.4,43736.63,11162.35,1478.11
2023-09-05,4,26093.89,9017.7,12899.84,28222.44,74276.08,2691.13,17076.19
2019-12-07,40,26249.73,8332.09,39426.8,48981.39,62401.02,7006.17,17917.64
2018-12-24,1,28984.67,39077.12,17953.44,39735.24,12814.44,7798.71,-10092.45
2021-10-20,30,15984.27,20889.21,33625.41,24549.15,71220.34,11208.14,-4904.94
2022-03-29,40,25820.17,19909.6,27951.0,48633.57,90677.84,15818.45,5910.57
2020-10-22,18,18153.85,20156.52,29018.27,32260.31,83139.92,4990.47,-2002.67
2025-05-08,29,49440.23,28161.49,42667.87,33598.64,85973.76,9936.01,21278.74
2024-03-29,14,21627.25,16747.77,38581.22,19073.29,82345.83,16167.44,4879.48
2021-07-27,12,27319.01,21612.36,20887.19,31621.15,22461.88,13402.01,5706.65
2021-05-20,1,36829.29,15295.01,41542.83,37328.25,46260.92,11681.85,21534.28
2024-10-13,32,48301.57,18928.92,26504.59,19284.74,57231.56,3556.58,29372.65
2022-11-06,8,27678.86,17789.35,44363.41,18512.75,35253.21,13930.2,9889.51
2026-06-29,25,35796.31,29470.12,37954.97,27875.63,11168.9,15545.0,6326.19
2021-11-03,34,16853.92,36142.52,14232.14,11350.34,55548.97,13203.63,-19288.6
2019-01-04,3,46314.86,23491.08,19742.36,28384.55,88271.09,19697.21,22823.78
2025-01-08,40,20934.38,27206.39,36595.72,9533.91,60815.05,861.14,-6272.01
2021-12-04,26,18378.66,20369.85,46199.04,11828.32,13712.07,1970.15,-1991.19
2019-01-18,35,48915.85,24569.06,22539.18,30387.3,42043.89,6507.45,24346.79
2021-11-08,15,47853.1,27657.54,28919.1,25434.02,48306.8,10957.9,20195.56
2021-03-23,16,40622.04,17845.27,33941.29,47549.37,97324.36,3535.58,22776.77
2022-04-12,17,31070.45,20379.85,14061.95,31251.8,29827.78,902.48,10690.6
2019-11-26,21,21810.44,36003.23,13666.58,8655.2,17674.43,1427.83,-14192.79
2021-05-11,26,27538.69,10919.78,29851.46,42349.93,18375.06,10309.0,16618.91
2024-04-26,40,29973.28,11874.68,11087.61,16364.43,91317.93,10915.73,18098.6
2024-11-23,16,21086.39,30016.89,29669.92,22981.43,93507.43,5261.9,-8930.5
2018-04-09,3,14726.8,11939.05,36004.45,32173.14,94016.57,10695.31,2787.75
2025-05-28,3,24644.04,20772.65,13112.62,23323.26,85674.89,7599.04,3871.39
2025-01-15,19,17879.58,20924.23,38251.87,44627.98,24146.14,11914.1,-3044.65
2024-02-07,28,48498.27,27595.23,23893.6,32722.33,76864.62,2923.51,20903.04
2020-09-19,15,24569.56,11359.4,16460.58,25896.18,52189.22,6291.89,13210.16
2024-05-26,7,36809.16,18917.24,26617.63,44924.66,71868.21,5087.75,17891.92
2026-10-19,17,17039.37,8151.1,16238.13,35882.5,37288.71,2509.17,8888.27
2023-07-02,23,45881.87,26626.27,23941.0,47948.7,16813.4,5363.68,19255.6
2022-07-13,17,18653.29,31497.14,13695.92,12438.73,36014.8,16636.63,-12843.85
2026-11-06,13,30625.37,30264.47,37856.79,16471.02,40384.27,6621.72,360.9
2018-11-20,5,25110.34,13182.64,29681.05,37579.38,43455.11,19436.73,11927.7
2019-07-14,31,38190.11,12695.46,40350.94,22014.09,53754.16,17044.59,25494.65
2022-10-20,29,31014.4,8054.1,45465.87,36539.61,96997.91,9070.73,22960.3
2023-06-11,26,27195.25,8453.63,11460.96,23156.03,29527.92,19833.04,18741.62
2018-12-22,37,13597.04,9278.22,28714.79,14137.67,11296.79,14625.31,4318.82
2023-02-01,28,44812.78,23756.13,34629.68,34176.92,70683.87,13714.11,21056.65
2025-10-11,13,29189.08,15483.14,43206.55,9886.96,96803.2,11229.82,13705.94
2025-05-23,22,30167.0,13784.06,26825.88,44589.13,99436.99,13549.63,16382.94
2024-04-07,30,41136.84,39457.76,43874.31,22676.62,20289.99,1089.95,1679.08
2021-11-27,19,11461.47,18270.33,21079.51,37912.07,27076.06,15028.98,-6808.86
2026-10-28,40,18153.9,26800.15,32173.86,30569.21,35744.9,9060.73,-8646.25
2023-08-13,14,24392.78,19043.69,35761.11,39258.5,29302.56,12.56,5349.09
2025-10-22,27,47126.54,20381.31,14176.66,40557.76,18705.29,9130.79,26745.23
2023-09-06,8,11197.62,20108.68,24289.14,46258.69,17001.88,7373.03,-8911.06
2020-04-14,21,11790.06,23396.92,13985.38,19824.91,75434.82,11890.51,-11606.86
2019-11-02,16,42101.15,26952.99,16182.23,33372.22,86599.15,11154.66,15148.16
2023-04-21,2,40991.7,37930.09,47786.87,43215.3,33986.84,11252.83,3061.61
2026-08-04,33,20942.53,16177.25,26628.19,34109.69,21334.27,19075.88,4765.28
2023-07-15,13,41408.12,21585.62,16737.68,29674.13,21874.09,4131.85,19822.5
2019-06-05,23,34942.3,18425.34,16126.68,13420.61,36210.72,2642.17,16516.96
2020-10-14,5,14909.47,39534.18,44610.77,20256.25,77422.75,962.44,-24624.71
2025-09-23,6,42969.81,8273.74,46946.8,9696.16,82344.01,12135.93,34696.07
2025-07-23,5,38986.27,28291.85,14234.45,32369.27,87651.43,1047.8,10694.42
2026-07-27,23,15380.2,31673.74,24740.15,29800.79,23925.55,1776.95,-16293.54
2024-05-22,14,21497.08,13613.78,24009.62,27988.64,67920.09,18670.06,7883.3
2022-05-23,10,26087.63,37188.47,30026.33,19968.7,26008.42,5742.28,-11100.84
2022-06-28,38,40074.22,27349.18,37644.76,26840.34,21364.29,6758.59,12725.04
2019-08-11,3,11604.86,38515.35,38114.38,45770.55,63820.23,2349.34,-26910.49
2026-12-03,14,48019.81,12628.94,11495.25,45235.57,86696.53,5802.99,35390.87
2019-02-02,26,10871.1,32020.62,17820.93,34187.95,52517.29,13565.84,-21149.52
2025-06-10,10,44476.32,32963.7,14160.71,24267.79,22859.9,12526.27,11512.62
2023-02-15,27,38017.09,30347.49,41437.85,40913.25,40678.33,3387.88,7669.6
2022-09-21,21,10974.96,8490.33,15957.95,23995.24,87688.41,19934.48,2484.63
2022-08-31,1,35782.53,23588.54,34254.29,15047.62,12504.3,10945.45,12193.99
2025-09-22,18,30698.96,22502.66,42349.0,28393.06,17578.07,6412.21,8196.3
2020-10-07,31,46779.04,37562.68,26170.71,46554.36,55393.63,6121.2,9216.36
2024-09-28,37,18371.4,9622.38,28106.73,40168.52,74789.48,2801.97,8749.02
2018-01-25,23,40308.83,17369.79,44369.69,22971.41,61539.31,14844.76,22939.04
2020-04-09,23,26833.46,39380.69,27473.71,28278.17,56336.52,13853.86,-12547.23
2026-12-10,8,15825.36,22058.23,35863.87,14467.47,19323.18,8865.39,-6232.87
2018-06-16,34,19495.4,18630.11,16573.06,10148.01,25646.75,10472.22,865.29
2021-01-14,39,38224.57,35005.04,21771.67,20754.49,99320.25,16252.6,3219.53
2021-07-24,12,13099.19,30119.99,49102.69,8539.59,66742.24,11040.56,-17020.8
2026-08-03,10,33145.15,28989.16,15188.36,32068.2,76332.06,14144.65,4155.99
2023-11-30,22,24814.29,31341.08,13244.76,49318.34,48286.26,10276.21,-6526.79
2021-11-28,15,20481.2,9579.0,41280.56,43651.73,70082.7,2554.71,10902.2
2024-07-31,1,39968.85,16621.66,23928.51,32626.31,99671.27,5947.62,23347.19
2023-03-11,36,36681.29,20455.35,37462.74,37723.77,97318.12,9708.87,16225.94
2020-03-13,26,42902.33,30615.78,20128.64,31671.84,47816.26,712.22,12286.55
2025-10-28,5,42767.17,26938.73,48535.02,33920.03,50153.67,4626.21,15828.44
2025-07-16,11,28388.5,20952.75,48133.47,32266.43,82230.79,522.51,7435.75
2023-08-08,36,45183.41,33795.91,21145.84,42170.61,23037.02,7418.34,11387.5
2019-12-31,27,41651.49,27390.51,39063.38,9400.88,76649.09,6335.58,14260.98
2023-04-19,11,43691.42,17500.42,22345.24,24808.78,37539.22,9011.76,26191
2019-07-18,6,33707.31,16764.06,45601.82,29281.67,70229.13,2471.98,16943.25
2024-06-10,11,21602.83,36957.65,14395.93,36601.38,59710.07,9475.54,-15354.82
2026-02-12,8,44283.11,39249.6,42138.33,40032.77,31869.86,6597.53,5033.51
2023-11-16,8,25509.62,10061.08,38588.61,22190.19,92708.93,12544.54,15448.54
2023-03-24,21,30403.56,11549.02,49622.8,40685.07,32745.81,7663.47,18854.54
2024-09-09,34,45226.34,8203.92,30497.91,42275.68,61620.34,11954.42,37022.42
2026-03-31,40,16337.72,31486.93,30898.12,42098.29,15861.4,15812.32,-15149.21
2023-03-28,17,15838.82,34029.74,19257.12,27821.08,79625.22,17028.86,-18190.92
2018-04-03,27,38997.48,15538.71,28604.37,18730.18,90203.96,5824.86,23458.77
2024-06-13,8,43446.49,18054.31,15392.05,49348.11,80898.01,19847.09,25392.18
2022-01-13,13,13307.77,23106.39,39985.74,15071.77,33137.18,9141.35,-9798.62
2025-04-03,27,46130.1,27105.36,25276.79,17017.25,33739.16,3868.47,19024.74
2020-05-01,38,39255.99,11356.29,46403.93,27558.29,16342.68,7540.73,27899.7
2018-05-20,25,11975.66,12568.61,45447.57,30469.5,65197.98,6379.89,-592.95
2019-06-30,18,31954.58,31580.22,22242.31,49260.21,44687.63,19071.2,374.36
2025-12-22,21,33532.19,13817.78,47079.62,15371.36,54037.58,11869.95,19714.41
2025-09-24,2,36832.5,28604.58,35330.98,48539.77,13342.81,2647.79,8227.92
2018-07-15,8,31705.41,29372.1,14289.78,17267.93,66746.11,6174.71,2333.31
2025-06-02,24,35036.11,24907.15,48733.07,19688.84,44085.62,15703.56,10128.96
2024-11-27,2,21810.69,17057.69,47693.74,39234.23,12848.54,16473.48,4753
2018-03-29,15,15174.64,8230.06,29480.25,37457.52,74738.08,14957.7,6944.58
2026-02-17,15,20390.51,25647.96,21141.0,10150.67,59393.9,2846.53,-5257.45
2025-10-29,19,47796.51,32488.11,25483.9,39142.82,25296.79,10774.83,15308.4
2023-09-18,38,40008.39,12924.61,11132.97,35588.04,73493.98,9745.45,27083.78
2025-05-25,37,49468.84,12614.11,48081.39,9892.95,15452.61,11822.56,36854.73
2025-04-04,17,19345.02,8583.95,11959.13,27589.23,28614.54,14204.89,10761.07
2024-12-03,10,23902.52,30904.62,31570.07,27030.39,53660.66,18176.47,-7002.1
2023-06-14,13,22664.04,12917.41,48065.97,9853.12,10234.85,12549.91,9746.63
2024-04-23,18,46284.49,31941.4,14399.7,21575.26,71428.77,13863.82,14343.09
2024-09-23,20,31541.35,11324.98,13702.97,20659.95,36177.43,6893.7,20216.37
2020-11-11,13,19705.94,26488.86,45936.12,16259.4,60884.7,7210.35,-6782.92
2024-03-11,15,10144.24,34252.3,27118.35,44724.68,94791.36,16482.29,-24108.06
2023-10-01,40,43829.54,14156.36,19686.44,25686.21,70741.05,10035.05,29673.18
2023-05-05,25,29387.75,15392.07,12844.96,24921.35,40970.83,15826.16,13995.68
2021-08-24,38,28010.92,38626.13,48815.19,27662.97,69177.59,15014.73,-10615.21
2020-10-05,23,10082.58,30124.73,28107.01,43238.8,30861.39,7272.19,-20042.15
2020-01-10,23,48151.81,38403.36,11996.61,47769.04,94188.45,1396.39,9748.45
2019-05-10,11,14568.99,28024.75,37019.82,30124.84,82568.03,3355.49,-13455.76
2026-01-24,34,25645.58,30874.31,24079.89,26583.82,17946.57,14233.18,-5228.73
2023-05-20,37,11389.96,29732.46,12692.94,21203.93,80504.82,2966.56,-18342.5
2021-07-08,34,43806.08,29911.92,40961.64,13589.31,80206.54,7243.63,13894.16
2018-10-14,29,44837.73,12425.85,37438.15,15470.7,76924.62,19593.18,32411.88
2018-02-14,33,31810.89,38053.53,28653.63,26620.05,94509.33,12374.49,-6242.64
2026-03-24,21,26667.78,27001.12,20274.37,22157.5,57491.42,4196.86,-333.34
2024-05-23,19,32088.41,38292.64,22369.97,37696.04,88799.49,14524.54,-6204.23
2019-04-30,17,30479.22,17627.04,15898.95,16743.74,55706.35,15229.35,12852.18
2026-04-21,40,44842.21,21470.39,13698.33,18208.66,29909.11,10726.39,23371.82
2026-12-12,34,18795.18,20170.03,20272.25,25145.35,24393.66,1608.89,-1374.85
2026-04-08,6,36916.59,34876.92,21774.25,45378.51,13547.23,3812.81,2039.67
2020-07-03,12,34527.3,22702.73,31000.77,31922.61,35900.9,11654.05,11824.57
2020-06-21,20,46042.97,38785.5,30731.11,9305.28,35755.77,18471.8,7257.47
2026-09-23,17,45022.48,21282.87,39329.05,23616.73,58867.93,6672.85,23739.61
2025-10-17,11,39184.08,39777.24,21948.52,27432.78,83180.81,3086.96,-593.16
2019-03-18,33,18214.45,19844.63,44527.11,40260.45,96869.4,4157.73,-1630.18
2024-11-13,28,16654.84,37722.99,49759.97,15892.35,67716.06,6256.37,-21068.15
2018-10-05,3,36424.57,13836.23,45738.86,48024.26,79511.41,7893.27,22588.34
2025-07-26,34,15779.08,13429.18,24325.09,47945.65,28631.94,7207.48,2349.9
2019-11-09,2,32148.3,28052.43,24215.31,28490.36,67903.41,12863.18,4095.87
2025-06-30,30,20899.63,35119.51,40795.77,47523.32,49542.08,8678.39,-14219.88
2019-11-10,12,36840.1,11419.12,22516.02,45998.77,72154.21,9017.63,25420.98
2019-01-13,23,18595.85,20052.14,43797.28,24871.78,72219.41,2609.9,-1456.29
2024-05-28,5,43613.22,36472.24,37376.75,11960.25,58307.33,15467.48,7140.98
2021-01-31,24,30578.38,28167.06,19480.51,37267.01,43306.38,14201.44,2411.32
2021-10-22,39,30823.44,18432.01,32629.38,26570.93,34335.5,15804.05,12391.43
2019-03-14,29,18079.77,33901.33,26719.39,23260.09,44731.52,940.72,-15821.56
2024-12-10,18,18506.18,36152.64,32124.52,49476.88,60281.65,12341.15,-17646.46
2026-12-03,19,17969.46,12566.86,12818.46,49684.76,30648.79,9209.74,5402.6
2019-08-06,16,33595.08,15160.04,37107.85,15201.78,80542.32,11224.97,18435.04
2020-05-25,8,49288.69,35313.98,22210.46,9555.04,99195.32,11367.66,13974.71
2025-12-29,18,20111.9,39631.7,27696.64,43623.82,16910.89,16291.78,-19519.8
2026-09-08,19,41106.2,36605.9,13920.27,29577.72,52348.21,7073.2,4500.3
2021-07-17,38,48062.93,12406.67,20980.41,42065.48,44993.65,12493.01,35656.26
2018-08-05,40,25431.89,31245.89,14663.19,22851.33,61199.77,2451.37,-5814
2024-05-28,11,10618.66,9009.18,46924.47,40856.1,94068.55,19759.8,1609.48
2025-05-20,26,30689.44,12348.96,46692.46,25459.4,52856.76,7201.93,18340.48
2018-06-19,8,15413.92,8557.37,24462.23,14876.46,81971.07,7390.45,6856.55
2021-07-05,9,30981.04,21608.85,21711.04,25902.05,16156.11,6449.09,9372.19
2021-09-04,33,24004.82,32090.23,31617.36,12541.09,49719.03,13047.74,-8085.41
2020-10-22,39,25471.15,14350.41,19844.7,48501.04,89234.83,18157.79,11120.74
2019-07-06,11,11209.21,17829.52,34149.71,36789.46,71119.55,5526.41,-6620.31
2021-07-04,38,20850.33,28488.42,23133.96,27952.84,44270.53,14980.36,-7638.09
2026-02-16,37,45781.32,31054.86,37990.03,26629.91,68428.36,17000.96,14726.46
2024-07-05,15,27450.52,27561.77,19512.32,17510.79,49355.21,2366.78,-111.25
2019-06-24,1,16055.74,25961.53,45631.79,44829.14,22251.26,6741.74,-9905.79
2018-01-28,32,11072.99,25255.39,15033.49,22634.9,51349.28,18509.24,-14182.4
2020-05-13,17,31027.52,37892.89,17173.01,40948.69,65065.71,5773.0,-6865.37
2022-04-12,40,39388.39,38865.17,35223.24,47341.58,15375.22,713.24,523.22
2022-11-30,16,27520.69,19603.08,36634.78,31480.14,14391.11,16637.39,7917.61
2026-04-10,2,14481.59,38173.37,19214.99,46798.84,97408.75,12477.11,-23691.78
2023-07-31,27,28410.32,38091.35,47692.43,37543.26,15562.53,10067.91,-9681.03
2021-12-03,4,18635.4,26094.55,13441.93,20436.69,23262.62,19088.54,-7459.15
2025-12-03,26,17281.92,28637.94,44083.09,31417.65,67267.91,1012.72,-11356.02
2019-05-14,34,31222.28,11634.72,16059.59,24144.6,91528.58,9807.74,19587.56
2026-05-20,33,43640.91,8148.38,19266.17,30557.51,24702.98,10368.36,35492.53
2024-12-03,23,13470.15,19965.73,16221.03,12079.41,58436.24,2368.42,-6495.58
2022-10-25,3,23807.19,29457.62,17590.09,41971.04,75895.36,7701.17,-5650.43
2019-05-07,36,12441.38,14881.4,48611.09,28307.85,27754.63,7644.48,-2440.02
2025-02-13,26,14404.28,31113.13,37800.34,18412.8,68264.56,1872.69,-16708.85
2024-06-28,38,13178.66,30880.71,39308.73,45450.17,27284.21,12002.61,-17702.05
2020-09-28,31,40559.93,19882.23,22443.98,19481.93,38295.01,19939.86,20677.7
2018-10-22,34,45618.76,29371.01,13274.71,36068.08,90373.38,16273.14,16247.75
2025-09-12,8,10712.7,9091.71,40834.86,9964.03,61435.41,883.65,1620.99
2026-08-19,12,36571.14,13145.08,48579.18,40837.95,51027.03,8861.38,23426.06
2020-06-23,40,32128.26,34610.61,25621.38,38088.21,10518.53,14896.08,-2482.35
2021-12-26,2,33992.71,16690.57,25405.75,26808.43,82368.57,10188.5,17302.14
2024-09-12,34,30731.64,21417.21,36648.54,42747.96,40502.0,3002.85,9314.43
2022-10-25,37,10857.18,25639.5,43632.75,21038.79,81447.49,18768.19,-14782.32
2023-08-10,1,43035.59,15487.17,19205.74,18268.1,65577.45,18923.93,27548.42
2019-09-11,13,35237.92,8169.73,20758.33,10588.02,34487.78,3317.08,27068.19
2022-07-05,6,39228.66,21016.27,18158.62,12275.69,48551.64,4552.04,18212.39
2025-06-29,23,16509.58,22690.99,33209.57,11320.06,45969.06,6405.83,-6181.41
2023-02-16,34,46634.62,26334.54,10179.35,30982.61,60126.4,18974.17,20300.08
2024-03-15,38,16012.84,24911.8,23481.44,12911.89,40930.6,11684.34,-8898.96
2020-05-01,19,41734.35,32524.52,44742.71,38504.66,12904.85,1351.81,9209.83
2026-05-16,25,37154.23,27607.38,11927.68,36732.99,30824.08,6795.21,9546.85
2025-07-16,22,21180.3,35969.45,29686.78,19176.77,26085.03,18511.89,-14789.15
2021-05-22,23,44903.46,10750.72,36204.53,49911.92,31463.78,9962.76,34152.74
2018-08-23,26,39299.36,36114.48,49350.03,15705.22,44418.96,924.79,3184.88
2024-11-29,24,47294.11,34490.4,45911.21,44814.71,73410.21,16001.73,12803.71
2018-02-23,32,37876.53,19646.42,22876.28,20374.95,74518.07,5299.35,18230.11
2020-12-24,27,36491.61,33988.76,32033.77,43843.77,78835.29,14310.82,2502.85
2019-07-22,30,48552.95,21314.66,30714.34,19623.39,17601.68,2174.51,27238.29
2022-02-05,18,28096.09,26724.3,34473.77,22325.46,99284.72,14820.27,1371.79
2018-09-19,19,15685.28,32291.92,41620.43,30894.21,33412.23,5336.22,-16606.64
2018-12-11,25,28841.64,19244.16,10754.68,23531.04,36452.79,10864.32,9597.48
2022-04-14,36,45107.95,36146.68,48097.27,15096.45,54554.51,5325.31,8961.27
2021-11-08,17,30194.82,38120.48,18828.99,42981.09,12510.2,11465.93,-7925.66
2021-09-17,28,25700.38,16188.82,47559.96,40007.91,99589.59,12538.82,9511.56
2024-05-22,2,42167.07,26489.06,37339.41,17173.96,46436.99,9144.51,15678.01
2020-03-14,6,35640.96,18988.33,49662.83,41581.53,55509.54,1779.71,16652.63
2020-02-28,18,25643.62,27809.7,18091.03,17314.66,34661.53,1257.87,-2166.08
2026-02-08,19,37352.26,18595.55,10986.81,34358.59,69635.18,10032.9,18756.71
2019-06-03,6,25124.83,13052.49,19892.13,26165.83,77326.02,13510.13,12072.34
2022-11-12,25,39037.63,14437.56,29075.27,41054.91,76778.84,11494.93,24600.07
2026-09-01,23,33818.75,33258.32,23319.8,25266.26,48288.1,122.16,560.43
2026-04-21,1,43717.68,20480.36,45232.56,30714.07,23162.56,1690.79,23237.32
2020-11-22,9,13747.97,37204.67,15695.37,17656.6,25980.96,14528.87,-23456.7
2023-01-13,6,22392.39,39272.54,49550.85,28924.7,49148.52,9211.38,-16880.15
2022-10-20,34,14463.98,8392.61,33617.46,37534.24,16093.15,19459.74,6071.37
2021-10-27,32,47177.38,35322.33,45922.4,36216.57,97329.55,12722.84,11855.05
2018-09-25,5,46022.75,30260.3,20307.66,40887.12,86545.84,8280.57,15762.45
2019-06-16,36,26612.02,13257.84,32203.52,42459.56,53604.83,2910.36,13354.18
2025-11-22,27,24591.74,31167.93,45785.11,34111.71,82189.17,5.7,-6576.19
2022-06-23,35,48495.89,18505.19,12686.21,27869.25,57822.83,8735.49,29990.7
