date,company_id,campaign_spend,website_visits,leads,qualified_leads,new_deals,pipeline_value,conversion_rate,churn_rate
2021-12-28,29,2336.59,981,95,21,14,69100.34,0.618,0.07
2025-07-20,5,2057.7,1366,53,61,9,46674.82,0.87,0.139
2025-06-15,36,3130.75,809,106,44,17,27271.36,0.114,0.188
2026-07-24,30,3332.82,1332,58,55,5,64902.31,0.02,0.105
2025-10-27,2,3126.8,1020,103,61,9,26425.97,0.262,0.15
2026-09-03,30,3385.81,1646,111,53,2,51336.9,0.217,0.007
2021-05-05,3,3217.5,1744,84,68,6,22012.51,0.709,0.133
2022-05-07,30,2723.1,1197,82,52,10,33749.37,0.369,0.086
2023-12-22,13,3788.42,1239,58,45,10,44748.04,0.994,0.102
2025-12-04,35,2816.2,1990,73,27,19,73840.38,0.723,0.003
2022-12-13,23,3552.3,896,81,21,15,28862.22,0.882,0.154
2025-07-01,19,2898.9,1907,61,79,2,75655.74,0.302,0.049
2023-06-14,7,3769.55,1228,118,61,3,35783.93,0.195,0.105
2022-08-09,27,3950.4,1353,101,21,1,50497.74,0.313,0.151
2023-10-02,6,3741.2,1138,109,56,4,45431.44,0.252,0.106
2021-09-30,20,2751.21,1301,57,67,10,50434.56,0.419,0.059
2026-06-19,20,2046.24,1523,90,65,12,62825.37,0.725,0.153
2026-06-01,36,3639.18,985,140,58,1,67822.48,0.374,0.032
2023-07-17,32,3176.29,1153,141,45,15,77519.09,0.748,0.196
2024-03-18,25,3889.4,899,58,32,11,77517.67,0.619,0.151
2020-07-05,25,3095.57,1487,118,35,6,38049.65,0.11,0.005
2020-09-17,16,2153.57,1264,123,57,19,64237.37,0.688,0.027
2020-11-18,13,3341.94,929,124,38,1,30066.55,0.37,0.032
2020-10-18,33,2131.33,1675,142,31,3,52370.28,0.492,0.027
2021-07-07,34,2038.95,1277,71,65,5,52160.83,0.622,0.144
2025-03-10,21,2304.64,917,109,40,20,51282.32,0.956,0.095
2024-02-29,30,2084.92,838,144,55,1,20426.2,0.911,0.13
2021-01-06,6,3858.35,1949,100,48,1,32974.34,0.377,0.138
2020-12-17,33,2518.29,835,83,25,20,26297.82,0.16,0.006
2024-02-14,23,2687.67,1785,116,35,1,39130.01,0.728,0.153
2022-04-04,6,3491.95,1975,106,33,14,47291.96,0.644,0.093
2023-01-30,28,2083.87,1466,56,42,16,36320.95,0.311,0.011
2023-08-25,10,3164.08,1154,132,24,1,22059.75,0.091,0.061
2024-11-05,37,2199.55,1343,82,21,18,76427.63,0.77,0.156
2020-08-24,31,3325.56,815,98,56,8,36561.85,0.331,0.093
2021-10-16,15,3518.23,1030,111,74,12,32277.36,0.56,0.061
2026-10-12,19,3869.58,1635,129,36,16,32541.58,0.921,0.193
2023-02-09,13,3071.8,1197,121,79,19,45300.68,0.68,0.079
2021-07-20,27,3433.96,1975,74,56,18,40304.19,0.456,0.084
2023-09-14,34,3455.22,1835,105,39,6,58297.08,0.037,0.16
2023-01-18,35,2033.35,1748,142,51,6,58880.46,0.271,0.182
2023-03-04,6,2992.78,1525,76,60,13,59780.69,0.495,0.006
2025-07-20,4,2223.44,910,62,76,19,36919.44,0.083,0.154
2021-10-08,18,3444.62,1641,82,71,14,31825.07,0.384,0.1
2023-12-10,7,2534.41,1250,91,24,9,61539.52,0.348,0.121
2023-07-04,17,3106.56,806,83,74,6,76449.8,0.962,0.153
2026-07-29,23,3371.34,1955,109,22,9,56193.25,0.711,0.046
2022-05-04,23,3575.16,935,71,73,19,78063.9,0.845,0.065
2020-02-22,14,3126.56,1806,89,72,11,76000.75,0.727,0.139
2023-07-27,30,3149.16,1462,72,62,4,69219.49,0.424,0.07
2024-02-18,20,3706.02,1829,108,53,19,76168.34,0.23,0.035
2026-09-20,18,3820.24,1452,150,27,7,60233.13,0.026,0.075
2024-07-25,6,3818.74,1032,105,29,4,69935.81,0.02,0.069
2026-01-26,40,2286.78,1330,95,75,9,51309.67,0.624,0.19
2023-04-25,39,3417.36,1745,148,71,11,72571.24,0.923,0.174
2024-04-11,11,2330.8,1560,142,73,19,63945.16,0.031,0.148
2023-06-19,36,2753.62,1226,118,67,5,25849.85,0.358,0.019
2021-01-07,2,2729.34,1899,88,61,15,61869.08,0.567,0.094
2020-01-08,33,3393.29,1517,105,69,6,23602.95,0.222,0.107
2024-03-01,24,2069.46,1304,99,21,1,30060.13,0.832,0.143
2025-05-17,12,3234.3,1533,50,42,4,55718.88,0.266,0.126
2023-11-01,25,2336.25,1024,95,80,1,32054.71,0.644,0.083
2021-08-12,2,3832.88,1682,128,70,9,40614.19,0.123,0.164
2020-04-13,20,3409.87,1827,122,47,18,35877.26,0.511,0.053
2023-05-24,38,2574.26,1627,54,45,17,78711.94,0.216,0.049
2024-06-21,33,2822.99,1251,145,53,15,52381.11,0.554,0.161
2024-04-03,30,2583.96,849,129,80,20,50713.19,0.252,0.077
2023-11-18,3,3877.22,1385,72,36,19,48103.18,0.917,0.153
2025-04-06,30,2791.56,1890,77,49,12,50562.77,0.855,0.024
2020-04-01,12,2057.54,1356,53,32,11,36147.36,0.454,0.184
2023-07-04,23,3737.21,1377,64,22,15,49393.7,0.139,0.193
2022-08-31,12,3280.23,846,86,61,17,36157.21,0.924,0.13
2022-10-24,38,3040.21,1945,124,63,4,46574.2,0.857,0.093
2022-09-16,35,3632.84,1142,140,32,10,47771.42,0.69,0.092
2022-12-12,29,2990.28,827,98,25,15,49198.19,0.718,0.08
2026-01-27,7,2931.72,1638,69,29,13,72298.28,0.879,0.067
2021-08-09,6,3541.23,851,93,38,5,31047.49,0.714,0.022
2023-12-22,39,2976.62,1236,123,23,4,37723.62,0.619,0.172
2020-09-26,31,3275.38,1502,75,33,10,57959.0,0.454,0.055
2020-05-31,9,3615.57,1510,99,72,5,55323.33,0.822,0.169
2023-12-24,6,2963.92,1365,104,63,10,39425.09,0.13,0.171
2022-01-12,5,2030.68,947,117,35,18,48316.65,0.83,0.139
2024-05-05,12,3219.39,958,117,35,9,37781.47,0.489,0.032
2021-07-02,25,2355.99,1027,100,41,13,20229.55,0.28,0.065
2021-06-15,31,2951.25,1835,93,57,5,41024.67,0.149,0.157
2020-02-16,5,3799.3,1578,125,75,10,76054.26,0.802,0.096
2020-09-08,22,2147.65,1307,141,80,2,36036.17,0.35,0.099
2022-04-20,19,3355.3,1512,86,75,16,36395.32,0.5,0.127
2021-10-12,8,2239.86,1030,55,29,15,23731.79,0.944,0.108
2020-03-27,14,2275.75,1690,144,33,20,48157.92,0.217,0.115
2021-02-16,11,2250.54,1984,146,35,10,25725.52,0.579,0.147
2026-12-16,14,3611.08,858,120,66,12,41174.12,0.876,0.155
2024-09-23,2,2565.01,1120,126,71,14,57802.09,0.358,0.113
2020-02-08,34,2477.45,1275,78,25,1,76038.44,0.421,0.037
2023-12-26,15,2753.33,1918,64,48,5,61214.86,0.33,0.007
2021-03-19,37,2037.98,1393,134,52,18,32703.19,0.408,0.083
2023-01-21,39,2379.49,1806,137,40,14,64424.1,0.987,0.113
2023-04-26,32,3378.44,1576,138,77,17,39173.99,0.981,0.16
2021-06-22,34,2173.47,1874,63,57,12,64611.91,0.982,0.197
2026-03-06,3,3819.27,1710,92,38,2,61754.87,0.214,0.134
2023-12-26,36,3156.87,1155,119,38,3,50828.73,0.209,0.045
2026-08-17,1,2911.13,1246,130,59,19,28521.28,0.865,0.007
2024-02-22,18,3794.22,1626,53,62,20,42312.66,0.591,0.094
2025-02-12,18,2085.56,1304,99,67,3,51184.84,0.179,0.1
2026-10-26,22,2687.65,1073,64,32,8,72892.75,0.942,0.2
2021-06-25,2,3635.0,1797,61,65,14,68396.98,0.042,0.169
2025-06-27,21,2566.3,1072,111,37,9,52741.52,0.035,0.193
2025-05-12,23,2533.93,1257,56,46,12,47029.55,0.082,0.082
2022-10-02,30,3491.33,1496,145,28,1,49610.13,0.691,0.049
2022-08-19,21,3998.59,1533,89,23,13,39980.67,0.883,0.102
2021-06-27,20,3520.82,1686,79,25,13,25326.5,0.472,0.106
2024-01-23,5,3029.49,1112,136,58,9,24558.24,0.433,0.128
2026-08-22,3,2964.66,1525,150,70,1,31131.87,0.48,0.002
2022-05-08,36,3038.78,1053,97,26,8,37237.62,0.678,0.168
2020-03-06,14,2170.51,905,53,48,9,41097.17,0.911,0.002
2026-12-28,34,3365.09,1309,140,74,4,31339.91,0.465,0.158
2026-01-30,5,3690.33,1746,79,34,18,49620.32,0.677,0.091
2025-08-05,15,2847.14,1753,60,25,18,73105.55,0.583,0.032
2026-01-25,32,2279.82,1276,61,30,8,42239.86,0.936,0.072
2020-10-07,35,2339.94,1570,87,55,20,67402.53,0.058,0.2
2026-04-23,14,2254.43,1402,91,24,16,73595.36,0.757,0.123
2020-08-19,32,3007.69,1106,145,49,14,35251.02,0.218,0.149
2023-02-25,34,3523.92,1539,103,26,10,72834.63,0.926,0.067
2022-08-06,33,2794.61,1753,146,39,11,52115.71,0.791,0.09
2020-06-10,33,3488.06,939,128,78,8,48186.68,0.04,0.001
2025-10-20,17,3911.9,1756,104,31,13,43363.16,0.4,0.005
2025-08-25,30,2704.6,1028,126,57,3,54801.47,0.043,0.143
2023-09-02,15,2090.49,1714,60,38,7,78062.11,0.199,0.123
2024-06-22,25,3222.2,1337,73,70,15,50343.26,0.597,0.116
2026-07-14,5,3061.6,1084,144,73,3,26209.34,0.737,0.143
2020-12-26,22,2015.59,894,74,51,20,70664.43,0.548,0.122
2024-03-25,12,3864.5,1706,132,73,9,59699.03,0.667,0.115
2026-11-09,13,3573.44,845,85,25,17,61803.79,0.06,0.083
2021-03-02,22,3933.34,1006,104,73,3,68323.48,0.708,0.09
2020-06-10,22,2017.29,1981,130,61,7,61164.19,0.81,0.083
2024-12-03,40,2018.9,948,98,27,7,53549.87,0.714,0.192
2025-02-11,9,2819.01,940,58,34,3,59605.11,0.625,0.088
2023-02-23,4,2894.82,849,54,53,20,52687.82,0.514,0.12
2023-09-23,14,2665.1,1085,56,73,9,52778.3,0.536,0.175
2024-08-06,15,3221.32,1752,123,34,14,21002.82,0.526,0.055
2021-03-02,20,3441.72,1152,71,67,4,75597.34,0.132,0.117
2024-03-31,13,3910.06,978,145,45,13,79432.09,0.046,0.058
2023-04-26,3,3189.95,1605,74,66,13,36670.48,0.534,0.072
2023-07-13,40,3079.78,1135,78,45,17,65272.17,0.784,0.174
2025-09-26,2,3466.94,873,103,45,10,42758.12,0.467,0.04
2020-07-14,33,2831.4,1658,124,57,13,49577.24,0.555,0.054
2024-07-10,40,2677.92,1926,148,46,18,21704.98,0.968,0.081
2026-11-02,32,2208.37,1714,92,72,18,44127.58,0.37,0.002
2026-04-12,2,3296.79,1098,86,30,15,74243.25,0.509,0.04
2020-09-27,34,3432.79,1329,64,38,13,65627.46,0.67,0.133
2020-07-31,4,2683.7,920,120,67,20,66744.9,0.593,0.1
2021-09-28,25,3112.19,1938,108,55,6,63080.0,0.762,0.165
2022-05-07,23,3084.78,1901,103,59,7,55662.55,0.767,0.104
2023-09-10,37,3455.01,1843,138,28,7,49336.06,0.903,0.117
2021-12-03,35,2744.6,1300,134,38,14,76011.35,0.065,0.153
2021-11-17,37,3304.38,860,108,41,18,52117.66,0.897,0.124
2022-10-02,5,3133.7,836,100,41,19,78138.34,0.067,0.08
2022-06-07,30,2769.41,1690,132,21,14,41816.21,0.656,0.15
2020-04-14,30,2111.96,1751,88,31,9,34127.03,0.61,0.134
2025-06-01,14,2111.29,910,99,60,4,62719.23,0.585,0.11
2024-11-05,40,2304.94,1295,120,71,10,30222.63,0.244,0.026
2020-01-17,9,2380.96,1305,145,78,16,42414.0,0.688,0.138
2020-12-03,9,3730.82,1398,99,29,14,49288.08,0.043,0.158
2026-07-30,39,3162.38,852,75,22,14,62349.93,0.731,0.117
2025-05-29,12,2707.1,1734,143,43,12,42708.55,0.686,0.169
2021-10-26,17,2836.76,963,143,51,13,22122.26,0.092,0.185
2020-04-02,17,2253.0,1141,89,80,6,33699.91,0.433,0.065
2022-09-03,21,2779.18,1642,102,46,12,34487.67,0.927,0.146
2023-11-10,33,3259.58,965,106,33,4,51211.8,0.826,0.011
2026-06-08,14,2946.55,1295,111,22,15,47232.33,0.562,0.089
2021-04-10,32,2432.03,1428,136,21,3,72579.23,0.176,0.151
2021-12-19,13,2657.85,1154,52,60,20,24704.83,0.377,0.15
2023-08-23,21,3615.05,1231,70,59,8,45438.72,0.801,0.158
2020-12-02,35,2770.68,1990,67,63,15,25738.46,0.863,0.162
2021-01-01,8,2018.58,1766,125,77,15,63547.68,0.867,0.055
2020-07-28,28,3556.82,1850,141,43,17,53194.72,0.869,0.041
2025-02-28,37,2993.56,1819,54,50,7,26294.54,0.963,0.052
2021-07-29,36,2145.48,1422,69,78,11,57328.68,0.747,0.027
2023-09-14,8,2087.87,1493,150,65,3,26616.82,0.053,0.196
2020-01-17,24,2916.28,1339,103,30,13,23005.4,0.279,0.094
2025-09-25,15,3064.0,1879,77,26,2,30226.04,0.538,0.117
2026-02-04,22,2722.83,1167,56,68,17,76112.15,0.322,0.13
2020-09-01,33,2170.42,1575,99,44,2,38138.21,0.49,0.112
2025-02-14,37,2843.54,831,144,45,18,75405.64,0.123,0.132
2024-03-04,25,2395.02,1310,73,59,4,30342.73,0.863,0.076
2020-06-04,27,2124.37,1822,87,63,4,22024.32,0.482,0.169
2023-12-22,4,2957.81,1305,92,78,13,24646.61,0.568,0.119
2021-05-30,3,2460.51,828,122,37,8,35287.99,0.995,0.042
2022-06-20,37,3841.25,1235,109,75,2,77381.82,0.348,0.078
2025-09-08,17,3948.6,971,72,23,6,22877.91,0.062,0.185
2023-07-21,36,2984.5,808,74,58,9,57453.78,0.843,0.173
2024-08-15,8,2550.92,1212,98,75,6,29768.17,0.076,0.113
2020-11-09,12,3654.59,874,114,21,9,47946.81,0.238,0.182
2020-05-16,8,2216.8,912,50,40,15,68401.17,0.755,0.047
2023-11-13,24,3440.93,1551,109,51,19,23602.21,0.516,0.034
2022-03-21,32,2672.63,1713,148,40,10,79725.41,0.989,0.111
2023-04-16,9,3953.62,1933,92,25,12,47603.06,0.386,0.064
2023-07-14,38,3550.38,1517,77,26,17,59535.0,0.739,0.077
2025-07-18,18,2028.8,868,91,26,11,58241.46,0.328,0.162
2020-12-14,17,2749.69,1520,126,54,8,42283.25,0.689,0.097
2026-06-22,26,3834.24,1959,70,75,9,40806.14,0.452,0.121
2022-03-19,8,3817.28,1580,52,29,12,35689.54,0.622,0.053
2022-04-30,31,3100.1,1649,98,33,20,69100.75,0.717,0.117
2020-08-23,5,2201.23,822,56,53,1,59751.84,0.357,0.066
2020-04-13,17,2977.42,1328,106,23,19,37364.93,0.274,0.141
2025-11-23,2,2924.44,1056,64,24,13,33859.75,0.821,0.031
2023-02-13,20,2442.99,1573,57,31,20,71697.86,0.506,0.05
2022-06-22,1,3306.69,910,118,20,3,35768.13,0.285,0.16
2021-08-08,20,3854.42,1488,134,26,4,61579.2,0.096,0.057
2025-04-09,24,2937.44,1900,99,25,13,61842.82,0.087,0.182
2021-02-26,24,3022.61,1614,142,59,1,42709.63,0.249,0.143
2024-04-11,16,3594.99,1339,109,35,9,79043.71,0.371,0.18
2024-10-01,6,3660.64,884,125,69,18,32927.58,0.011,0.12
2023-02-26,20,2635.92,1217,55,54,13,65831.3,0.806,0.18
2025-03-12,23,3370.33,1590,97,79,17,55453.89,0.065,0.082
2022-05-10,22,2007.93,1392,89,25,18,39331.36,0.374,0.122
2021-07-09,21,2090.84,1858,107,48,6,41697.56,0.752,0.09
2023-04-09,25,3739.17,1859,147,71,13,29206.79,0.661,0.115
2020-02-07,21,2413.08,1400,75,27,3,21145.12,0.19,0.038
2020-05-25,25,2839.4,1225,81,45,19,20217.97,0.644,0.078
2024-08-19,31,3849.8,1883,82,31,3,48232.25,0.145,0.038
2025-05-01,40,3626.03,1729,51,60,16,72428.61,0.291,0.031
2023-03-12,30,2828.76,1027,149,29,11,52728.86,0.692,0.17
2020-09-11,40,3586.5,843,118,23,14,29479.66,0.532,0.043
2026-07-23,23,2316.88,1023,68,43,8,41954.05,0.328,0.063
2025-05-04,13,3893.4,1176,142,28,20,50726.11,0.91,0.102
2020-09-24,11,2409.12,935,150,52,17,51659.69,0.424,0.165
2023-09-04,17,2857.49,1273,114,45,9,36061.69,0.114,0.123
2024-12-03,30,2559.33,851,100,56,5,28057.3,0.743,0.022
2021-08-17,24,3560.17,1757,138,65,15,43492.86,0.047,0.065
2025-09-27,23,2075.01,1583,142,22,3,23942.93,0.344,0.054
2022-02-28,4,2598.31,1686,78,32,20,46489.39,0.411,0.116
2022-11-09,17,2321.31,1065,140,66,3,33444.83,0.521,0.16
2024-06-17,37,3179.1,1877,113,53,17,79804.67,0.949,0.021
2023-01-24,39,2853.42,1900,137,48,4,40249.53,0.164,0.012
2020-12-27,32,2873.16,1907,136,65,1,21401.35,0.239,0.123
2026-06-02,20,3521.7,1873,59,59,14,78590.1,0.334,0.072
2022-12-14,19,3939.21,1761,147,66,17,71639.59,0.252,0.075
2024-04-05,7,3081.84,1916,103,67,4,65414.1,0.076,0.008
2024-04-13,18,3961.59,935,142,59,8,46263.5,0.333,0.118
2022-07-12,36,2930.75,928,58,39,11,46853.89,0.349,0.188
2021-04-23,11,3822.99,1319,56,74,19,51066.31,0.714,0.074
2020-11-29,18,2765.32,1322,77,33,5,54345.66,0.589,0.178
2026-08-27,1,2886.25,1769,134,58,18,31589.17,0.855,0.127
2021-07-07,6,2156.78,1442,114,50,8,25423.03,0.839,0.097
2025-12-14,24,2656.59,811,131,23,16,68419.08,0.616,0.138
2024-02-07,32,3851.68,1588,126,47,20,52063.27,0.938,0.026
2022-06-03,22,3926.74,1456,75,76,11,41716.48,0.026,0.154
2026-04-01,2,3665.49,1791,145,75,4,32871.12,0.904,0.149
2022-06-27,15,2470.57,1593,89,32,2,49343.25,0.375,0.117
2021-02-17,2,2411.83,868,128,54,11,57373.36,0.772,0.078
2026-12-10,18,3016.62,1051,85,74,19,58861.58,0.237,0.175
2022-12-10,29,2271.95,1906,111,78,6,47636.31,0.493,0.022
2021-08-13,1,2741.49,1458,82,28,16,48716.48,0.163,0.124
2020-09-19,25,3337.46,1297,105,73,6,65217.01,0.698,0.062
2025-07-12,14,2710.23,1815,131,29,1,31049.15,0.63,0.197
2020-01-07,3,3426.86,1397,52,65,11,21362.13,0.131,0.172
2026-09-09,19,2784.62,956,70,43,1,61735.21,0.639,0.084
2023-09-17,2,3847.88,1592,88,54,4,70333.4,0.267,0.149
2022-12-06,18,2285.12,1423,107,69,19,75083.05,0.998,0.078
2026-10-22,9,3922.85,1944,144,77,6,70925.79,0.861,0.01
2026-10-27,3,3060.29,1946,140,21,11,35030.01,0.35,0.07
2026-08-04,6,2876.62,1527,51,68,1,31263.18,0.523,0.158
2022-09-18,17,3145.96,935,60,28,1,57656.91,0.429,0.174
2026-01-31,33,2549.91,1321,130,66,3,32808.33,0.382,0.021
2021-07-22,25,2884.43,1268,112,56,8,49908.69,0.947,0.134
2024-08-02,16,3781.1,1569,55,75,10,67088.39,0.756,0.1
2025-07-29,34,3192.67,1996,132,33,1,78933.37,0.634,0.149
2023-07-04,11,3763.16,1053,120,46,4,50907.83,0.056,0.117
2020-06-06,37,2822.3,1662,128,60,8,53291.08,0.916,0.014
2022-02-18,4,2363.3,1811,128,76,13,34578.37,0.508,0.07
2025-05-10,29,3734.56,1721,107,67,8,71874.37,0.58,0.187
2023-02-05,28,2400.7,1086,75,77,4,71006.24,0.925,0.06
2022-04-07,1,2985.45,1458,112,44,13,60633.96,0.553,0.072
2021-05-21,34,3913.24,989,79,35,11,30059.09,0.666,0.023
2024-11-03,36,2205.8,1640,89,52,18,59697.24,0.186,0.144
2020-11-10,13,3641.81,1877,104,64,12,48145.24,0.178,0.075
2025-02-27,9,3928.4,1536,108,67,7,22555.88,0.905,0.196
2020-12-19,23,2018.95,1849,84,57,6,61549.01,0.751,0.036
2026-02-27,12,2665.94,1592,88,40,15,39211.56,0.305,0.14
2024-06-29,23,3405.32,854,94,53,14,20390.52,0.979,0.178
2022-04-25,38,2500.28,1232,131,32,3,21508.18,0.652,0.043
2025-06-24,2,2577.12,1370,146,65,4,57541.22,0.339,0.015
2025-03-08,29,3902.87,1763,89,49,7,33210.09,0.76,0.114
2022-10-17,34,2892.32,1819,119,51,2,73875.6,0.28,0.069
2023-12-13,16,2378.43,1563,130,23,1,76536.42,0.413,0.162
2025-09-10,35,3580.7,1983,127,26,1,24975.33,0.535,0.194
2023-08-29,26,3399.5,1265,101,62,3,41376.83,0.396,0.177
2026-04-02,22,2499.59,1736,148,40,2,51561.08,0.432,0.128
2026-01-25,26,2357.43,1097,110,51,11,57332.16,0.195,0.012
2022-07-03,40,2705.53,1848,145,60,14,67793.37,0.421,0.163
2026-03-21,26,2851.31,1614,131,37,13,24935.73,0.433,0.101
2025-03-12,12,3995.48,1567,76,21,11,41754.36,0.79,0.034
2021-10-04,17,2359.76,1835,76,27,11,52671.5,0.728,0.035
2022-03-17,5,3573.0,1014,66,56,8,44032.34,0.384,0.122
2025-09-09,31,2666.69,1645,99,49,12,30753.27,0.449,0.164
2021-09-08,17,3578.53,1463,89,49,7,57688.77,0.323,0.038
2025-09-14,35,3723.84,1567,73,61,9,46669.14,0.948,0.155
2026-10-04,31,2966.95,806,63,74,2,40678.89,0.285,0.095
2023-03-09,27,2411.93,1238,59,41,18,34833.93,0.722,0.108
2021-10-09,5,2911.51,1766,148,68,4,51550.38,0.506,0.027
2023-01-23,8,2012.6,1229,56,32,12,54741.1,0.322,0.067
2022-09-07,35,2103.63,1818,144,43,3,27977.03,0.536,0.156
2023-09-07,22,3926.8,1391,65,73,12,65482.92,0.23,0.066
2026-08-31,13,2243.25,1245,105,68,1,75586.95,0.56,0.058
2023-02-06,4,2504.49,1169,58,69,12,73430.83,0.319,0.197
2026-02-23,34,2412.42,1893,127,38,19,31415.99,0.135,0.093
2025-02-14,22,2974.23,851,86,74,11,41185.89,0.584,0.148
2025-07-13,23,2564.2,873,122,33,17,61991.77,0.38,0.043
2024-01-15,39,2853.52,1143,139,23,6,22468.0,0.808,0.09
2024-04-17,24,3977.27,1863,126,42,15,57523.44,0.411,0.088
2020-12-18,27,3647.96,918,148,50,14,40807.16,0.195,0.056
2021-07-12,36,2813.91,1750,133,54,15,32374.69,0.348,0.087
2024-01-15,24,3885.24,1959,62,80,15,44150.03,0.091,0.008
2020-04-26,25,3297.55,904,130,45,13,44393.36,0.342,0.179
2025-12-04,15,2524.36,1369,130,57,12,71149.17,0.911,0.163
2023-10-16,13,3311.54,1774,148,68,1,49058.21,0.583,0.033
2024-12-09,13,2938.31,883,142,42,9,63064.11,0.32,0.12
2022-05-05,27,3744.39,1482,142,62,8,21919.81,0.937,0.003
2026-02-04,27,3035.04,1961,90,78,19,77382.0,0.539,0.179
2021-10-11,37,2574.25,965,107,59,11,70407.08,0.381,0.042
2021-09-19,11,3833.51,1116,78,29,17,49276.47,0.995,0.15
2024-04-20,12,3879.69,1214,69,31,20,70984.9,0.353,0.056
2023-05-30,39,2964.89,1061,116,72,10,62059.53,0.303,0.127
2023-12-10,33,2988.4,1911,86,26,10,58571.84,0.399,0.112
2021-09-20,27,3494.4,1983,69,64,4,33835.03,0.862,0.029
2020-06-25,10,2150.43,1379,102,80,1,59400.28,0.949,0.057
2021-09-19,22,2246.73,1022,91,79,12,70853.42,0.486,0.046
2023-10-28,6,2195.74,1465,97,30,17,35895.86,0.063,0.156
2020-08-19,23,2161.68,882,82,28,5,61322.85,0.417,0.171
2026-11-05,29,3611.49,1295,99,45,8,46034.55,0.962,0.132
2022-10-16,28,3973.16,804,66,68,11,54946.91,0.19,0.128
2021-10-31,24,3981.18,1643,96,69,5,63257.15,0.13,0.034
2024-06-23,36,3567.64,1110,134,28,18,73108.58,0.44,0.094
2024-01-10,26,3655.33,1126,125,65,1,39209.62,0.578,0.003
2026-06-02,4,3313.75,1494,75,67,12,51199.08,0.345,0.007
2025-03-21,20,3641.55,1719,61,26,2,40674.33,0.378,0.017
2024-08-16,33,2930.96,1219,67,23,18,35810.55,0.438,0.197
2021-05-16,6,3700.67,1085,118,67,10,28882.0,0.29,0.003
2025-03-23,25,3901.13,1434,59,55,2,23949.72,0.863,0.071
2022-01-25,20,2313.02,1388,116,21,5,40863.93,0.136,0.06
2022-08-02,31,2359.84,1451,87,34,20,40982.02,0.022,0.191
2022-09-10,23,3811.91,1280,50,49,13,63508.09,0.08,0.04
2024-08-06,11,3337.17,862,59,20,10,29208.86,0.295,0.021
2021-07-09,7,2155.08,1041,117,49,17,25428.05,0.438,0.078
2021-08-29,24,2978.68,1148,72,74,15,64817.05,0.157,0.091
2023-09-04,2,2340.34,1838,138,52,12,63749.45,0.364,0.073
2020-07-08,29,3369.15,1024,134,71,14,27651.26,0.686,0.189
2022-12-04,12,3986.56,1302,134,74,10,65475.41,0.523,0.081
2021-02-06,5,2229.82,1932,94,63,19,27332.54,0.792,0.066
2023-07-17,26,2322.92,1897,57,63,7,56267.61,0.407,0.148
2026-02-03,30,3831.41,1683,120,29,2,48915.73,0.315,0.168
2026-04-13,39,2506.44,983,60,46,3,49729.66,0.857,0.098
2026-02-27,14,3090.36,1812,66,46,1,29021.39,0.087,0.079
2022-09-20,31,3010.23,1949,81,30,7,65261.47,0.62,0.047
2024-06-04,40,2225.46,1871,84,70,1,43257.15,0.841,0.057
2026-08-09,15,2852.33,1264,80,58,15,35778.58,0.238,0.197
2020-10-14,22,3595.52,1827,99,74,8,56007.44,0.104,0.141
2020-02-06,9,3059.17,1797,131,67,20,79061.99,0.149,0.076
2022-02-11,10,2439.18,1600,83,42,6,24406.56,0.045,0.091
2025-09-23,17,2360.69,846,51,45,5,66638.65,0.783,0.048
2025-07-29,29,2735.18,952,126,52,6,58241.13,0.817,0.028
2020-08-12,18,2959.21,1560,106,63,19,38422.45,0.179,0.004
2023-10-17,8,2153.13,1852,66,42,2,58768.32,0.706,0.158
2024-01-20,24,3948.79,1601,64,74,20,30748.01,0.813,0.017
2020-08-13,26,3751.14,1710,77,47,3,66595.99,0.85,0.181
2024-02-09,11,3832.39,1246,86,25,19,22584.51,0.744,0.038
2023-08-03,32,2076.74,1756,63,72,17,75118.32,0.637,0.103
2024-09-19,32,3680.77,1811,94,65,3,57359.32,0.911,0.122
2025-09-05,3,2721.17,1032,75,65,19,29211.52,0.512,0.19
2024-07-04,24,3493.76,1459,70,72,10,59299.74,0.397,0.072
2023-05-30,30,3422.48,1422,52,20,16,42400.61,0.034,0.125
2022-05-31,39,2524.08,1676,148,48,2,32902.85,0.712,0.055
2023-02-03,17,3337.04,1743,81,72,2,52241.62,0.434,0.194
2023-12-25,8,3254.3,1678,78,41,6,77762.64,0.427,0.01
2024-01-22,11,3333.78,1398,53,54,17,62016.79,0.444,0.17
2026-07-03,17,2274.81,1407,52,50,14,41646.12,0.739,0.067
2022-10-19,7,3241.73,1379,128,78,7,70718.58,0.272,0.116
2025-09-02,22,3630.35,1317,145,46,19,61555.38,0.046,0.034
2022-05-16,31,2149.09,1067,113,54,7,61384.44,0.369,0.006
2020-04-23,39,2655.25,1594,59,77,9,31741.26,0.659,0.188
2024-12-06,40,3810.6,1117,104,70,10,41971.88,0.068,0.083
2021-02-06,13,3329.06,1599,61,75,16,57831.03,0.33,0.109
2022-05-13,8,2190.25,874,110,71,15,67682.46,0.32,0.163
2020-03-17,24,3886.35,988,127,51,10,75340.83,0.292,0.02
2022-02-04,30,3005.36,1275,117,36,12,77658.39,0.993,0.015
2023-05-19,22,3390.72,1190,83,72,11,78856.63,0.357,0.128
2024-12-20,37,2175.07,1504,69,72,15,69739.47,0.756,0.113
2020-11-18,9,2240.36,1807,111,69,16,28867.61,0.061,0.075
2022-07-04,34,2716.97,1600,140,37,9,62358.26,0.879,0.045
2024-06-24,36,2789.6,1204,69,42,1,38509.36,0.105,0.034
2023-05-18,19,3674.09,892,58,20,1,70106.53,0.761,0.199
2020-02-20,14,2465.98,1887,105,63,9,52486.89,0.863,0.082
2025-12-11,39,3436.8,1893,130,72,14,32410.14,0.625,0.079
2025-03-13,20,2274.41,1141,57,75,19,39110.77,0.648,0.028
2020-10-20,27,3760.32,991,146,31,13,20819.13,0.715,0.111
2023-07-09,37,3935.54,832,127,35,20,47638.36,0.711,0.044
2022-10-19,39,2053.35,978,74,43,14,76649.95,0.376,0.063
2025-08-14,1,3001.79,1019,123,29,1,66446.7,0.394,0.087
2025-05-31,27,3989.05,1628,58,62,14,72874.84,0.994,0.171
2023-12-16,10,3785.73,1920,55,65,9,32425.62,0.063,0.174
2026-10-01,19,3991.87,946,121,51,4,78284.26,0.694,0.134
2020-04-23,15,3962.56,1161,110,61,5,20354.38,0.554,0.001
2026-10-06,18,2669.56,1326,99,46,1,54615.91,0.001,0.086
2023-04-02,17,2868.69,868,54,21,13,21718.17,0.914,0.179
2022-05-29,8,3746.9,849,129,44,4,52369.12,0.686,0.193
2023-07-14,1,2493.24,1666,69,75,7,75279.72,0.786,0.099
2023-02-03,29,3081.9,1109,119,33,4,51972.31,0.683,0.149
2021-07-20,12,3394.93,1025,60,78,8,68977.56,0.708,0.009
2025-08-05,35,2608.64,1521,66,30,13,77065.61,0.352,0.019
2021-06-15,33,3772.05,1480,60,57,1,67398.28,0.255,0.068
2020-06-21,26,2944.14,911,140,30,8,49434.7,0.89,0.06
2026-02-25,16,2260.54,1419,115,76,12,59331.02,0.617,0.156
2021-04-18,28,2855.79,1328,115,44,5,28413.57,0.115,0.123
2021-01-31,33,3909.8,1856,78,36,18,74916.64,0.969,0.168
2025-03-26,8,3573.52,951,112,40,11,25217.03,0.132,0.142
2020-09-24,33,2777.09,1540,96,72,1,41611.88,0.326,0.102
2026-03-17,12,3694.11,1656,80,52,3,42506.94,0.674,0.067
2024-02-15,2,3583.0,1859,69,78,3,56677.44,0.292,0.069
2022-07-16,14,3479.73,878,63,37,1,33373.05,0.808,0.092
2023-02-12,9,3235.94,1543,150,79,9,76828.7,0.485,0.155
2021-09-18,12,3639.39,1099,80,64,17,73033.74,0.488,0.18
2026-08-24,14,3703.11,1212,125,68,15,37782.95,0.18,0.103
2026-12-03,37,3780.62,1901,118,31,3,37681.57,0.747,0.057
2025-08-08,18,2308.0,873,81,30,17,57991.23,0.454,0.004
2026-12-04,34,2127.11,952,101,75,7,69391.22,0.433,0.106
2021-09-24,32,3954.2,933,146,44,6,60614.15,0.65,0.194
2026-05-30,21,2006.11,874,119,48,8,43844.47,0.498,0.146
2022-08-19,20,3439.69,1874,53,78,4,61719.97,0.785,0.168
2026-04-14,38,2200.6,1420,132,59,3,55896.02,0.583,0.185
2021-10-24,12,3060.24,1233,74,67,3,27325.1,0.027,0.152
2025-05-29,22,3243.75,1607,68,25,2,59855.43,0.371,0.136
2021-07-16,19,3723.78,1076,126,51,13,23697.19,0.696,0.073
2023-05-26,21,2731.97,1047,149,27,4,62944.15,0.656,0.192
2023-05-09,18,2765.81,1042,70,72,17,33483.02,0.912,0.134
2026-08-29,11,2827.15,1264,52,73,2,25332.74,0.029,0.036
2021-03-01,40,2843.25,876,62,73,13,75310.81,0.193,0.098
2025-05-06,28,3992.65,1547,140,61,9,66406.44,0.221,0.1
2023-04-22,13,3136.61,1482,138,59,1,74033.5,0.721,0.031
2020-03-14,17,2283.18,1406,76,35,16,52893.39,0.536,0.092
2024-07-17,30,2039.77,1014,57,45,2,64340.67,0.637,0.149
2024-07-26,27,3839.38,1944,144,24,19,22890.15,0.583,0.14
2022-06-20,17,2052.65,1710,121,53,1,32972.38,0.407,0.19
2026-12-19,13,2156.29,1740,69,56,6,22336.74,0.078,0.043
2024-06-20,4,3394.86,1975,90,76,10,32078.58,0.943,0.017
2023-04-23,1,2703.25,1437,74,28,15,75532.63,0.81,0.061
2021-10-06,35,2821.59,1033,81,33,4,70652.42,0.058,0.125
2020-09-25,20,2388.07,1162,137,48,2,28130.22,0.38,0.142
2020-07-25,25,3311.86,1319,103,36,19,26177.07,0.613,0.084
2026-11-28,26,3860.44,994,141,36,19,30176.13,0.108,0.115
2020-03-31,39,2613.35,842,142,22,15,23712.33,0.674,0.06
2022-04-21,17,2583.03,1508,148,62,14,76277.46,0.974,0.142
2025-03-31,11,2271.54,1561,66,73,20,53813.79,0.68,0.191
2020-12-08,39,2660.82,1907,98,75,10,56364.95,0.643,0.096
2020-05-18,1,3285.28,872,123,42,20,40247.22,0.949,0.05
2023-05-25,27,2944.89,1128,73,30,16,73171.07,0.16,0.062
2024-04-11,37,2104.18,952,59,22,15,66054.91,0.853,0.187
2025-01-04,37,3507.06,1619,128,79,9,64623.74,0.728,0.018
2023-11-23,29,2780.13,1398,140,52,3,74705.35,0.379,0.031
2022-11-07,15,2852.78,1640,125,28,18,61775.54,0.779,0.066
2023-08-30,30,3877.38,1806,115,76,5,27089.4,0.818,0.109
2026-01-20,14,2225.79,1960,111,37,4,79327.44,0.188,0.018
2021-08-30,27,3132.82,1665,118,46,16,49891.82,0.234,0.189
2025-09-17,20,2371.3,1774,61,64,5,78766.13,0.114,0.168
2026-08-10,7,3324.02,1942,50,20,14,41428.86,0.356,0.129
2020-08-29,16,3143.42,1755,141,24,3,36032.39,0.089,0.071
2023-06-10,8,3493.83,1353,67,38,8,30234.89,0.36,0.117
2026-07-18,14,3921.48,1058,98,21,4,23954.8,0.708,0.096
2022-02-10,14,2266.92,1012,133,39,9,66420.54,0.177,0.173
2025-02-17,18,3479.69,1305,146,76,2,78419.32,0.092,0.199
2024-05-19,4,2138.47,1073,51,70,11,78691.09,0.003,0.056
2020-09-09,24,2394.59,1461,69,70,18,55541.18,0.145,0.142
2022-02-14,13,3803.64,1721,74,43,18,71581.05,0.669,0.038
2026-04-18,24,2020.93,1564,120,47,7,68166.71,0.817,0.154
2022-12-25,10,3200.89,1763,89,56,15,38621.35,0.823,0.158
2023-01-10,39,3225.08,1748,150,25,13,78611.13,0.645,0.067
2020-11-08,5,3039.23,1379,81,43,7,25432.3,0.312,0.111
2024-11-17,3,3280.67,1206,115,23,6,59535.42,0.142,0.001
2024-02-26,24,2123.87,1088,54,36,18,33151.34,0.86,0.069
2023-04-13,38,3074.19,1023,130,71,11,41207.05,0.313,0.188
2026-10-22,24,3664.72,1676,116,27,4,66623.78,0.744,0.186
2024-01-01,14,3789.44,995,143,60,16,25193.92,0.359,0.121
2023-06-18,16,2978.77,947,138,43,11,27720.6,0.147,0.153
2025-07-17,32,2029.48,1947,137,64,14,24478.7,0.773,0.009
2022-11-07,26,3493.89,1093,138,49,10,36800.88,0.545,0.027
2026-08-30,14,2454.34,1257,123,27,1,78405.39,0.946,0.124
2024-06-16,1,3382.51,1613,108,54,11,38533.26,0.409,0.072
2025-03-19,25,2272.35,1895,62,49,18,59782.09,0.657,0.035
2022-09-12,3,3672.6,1016,107,47,6,32964.29,0.773,0.055
2021-06-11,9,2010.72,1483,99,56,15,59610.13,0.941,0.106
2021-09-13,19,2986.57,1242,103,23,9,61644.18,0.78,0.03
2020-12-26,15,2830.83,1923,148,62,14,51132.09,0.411,0.024
2026-12-06,35,3089.8,1298,140,46,17,70220.09,0.095,0.065
2025-01-13,22,3410.7,1545,125,59,16,76609.62,0.386,0.041
2026-11-10,35,2721.35,1994,50,40,19,63610.04,0.895,0.076
2025-04-29,35,2933.21,1880,85,22,8,72006.37,0.799,0.103
2023-10-03,23,2042.41,1369,135,76,16,64181.18,0.544,0.113
2020-07-20,10,3671.68,1008,103,41,11,77786.97,0.237,0.012
2026-07-19,6,2057.54,1483,106,65,13,20233.67,0.93,0.027
2025-11-17,7,3130.78,1913,59,40,3,51177.36,0.654,0.076
2021-12-03,28,2496.05,1385,108,51,3,75413.18,0.371,0.077
2022-01-28,20,3819.36,927,121,52,3,30517.91,0.19,0.158
2026-03-15,3,2375.61,1945,64,29,12,29089.87,0.154,0.031
2023-07-26,39,2127.38,958,109,33,9,27645.11,0.515,0.194
2022-04-14,32,3672.28,1102,132,45,4,29091.38,0.1,0.004
2021-05-01,36,2621.45,1348,132,34,15,41991.21,0.901,0.144
2024-06-26,11,2929.53,896,136,24,11,56784.38,0.041,0.167
2024-07-22,25,3831.92,823,133,66,20,37379.1,0.443,0.101
2022-02-26,8,2318.88,1873,135,52,5,75036.34,0.305,0.173
2026-02-24,23,3011.55,1473,106,56,11,54712.91,0.825,0.14
2020-08-28,35,2600.86,1162,86,35,12,49505.65,0.013,0.039
2024-04-08,29,3744.93,1605,148,61,10,76104.14,0.965,0.042
2026-09-09,25,3644.99,1126,117,66,12,37894.11,0.875,0.041
2020-05-09,14,2322.29,1076,100,43,16,61341.14,0.386,0.071
2020-05-02,28,2193.03,1881,62,23,11,60049.87,0.637,0.146
2023-03-12,29,2169.43,1164,146,51,16,53527.2,0.926,0.104
2025-01-02,36,2578.09,1102,147,24,12,37019.23,0.037,0.159
2026-06-21,10,3538.48,1688,81,21,7,51073.34,0.8,0.07
2023-08-12,39,2030.09,1359,50,67,15,22688.55,0.922,0.075
2022-02-18,26,2599.58,1810,81,56,6,52992.54,0.376,0.16
2025-01-25,32,2364.57,1216,57,70,11,69109.75,0.603,0.172
2025-05-03,27,2544.03,1967,128,52,4,74688.47,0.132,0.097
2022-12-08,40,3377.24,1276,101,48,14,57176.28,0.138,0.079
2023-11-01,6,2723.85,1434,94,69,16,56060.89,0.942,0.017
2025-02-12,26,2211.29,1133,62,45,18,32761.09,0.32,0.023
2022-08-30,35,3700.74,1986,62,72,5,24862.9,0.412,0.087
2022-09-27,13,2803.49,1582,87,67,8,24534.68,0.827,0.169
2020-04-13,30,2537.12,1448,150,63,12,68253.09,0.908,0.108
2022-12-01,6,3171.18,1083,141,58,19,33845.33,0.396,0.049
2023-08-10,23,2843.92,1228,144,21,14,52037.24,0.145,0.076
2025-01-19,7,2543.23,1823,96,31,20,53473.36,0.824,0.024
2022-09-01,38,2157.72,1879,127,59,2,30549.78,0.774,0.118
2022-10-08,4,2687.8,1707,76,62,12,71929.88,0.421,0.032
2022-09-30,29,3587.33,1610,67,56,4,28913.31,0.799,0.145
2025-05-20,2,2605.01,1327,60,53,2,38499.26,0.335,0.087
2021-03-06,36,2709.35,1405,65,80,14,66628.83,0.17,0.04
2023-05-30,10,3367.96,1320,150,45,17,65630.14,0.254,0.021
2024-10-05,32,2603.35,1583,130,28,20,61112.77,0.922,0.103
2024-09-22,1,3919.49,903,114,26,15,28851.66,0.259,0.173
2020-12-15,33,2663.06,1125,121,40,14,71294.43,0.608,0.134
2025-11-06,1,2452.79,1121,74,71,10,66784.34,0.224,0.171
2022-12-14,10,2054.43,1991,68,60,3,22630.82,0.443,0.004
2025-06-01,6,3903.57,1714,136,29,11,64989.11,0.799,0.014
2024-04-09,2,2074.75,1607,131,38,11,48213.04,0.12,0.175
2025-01-25,27,3961.59,1588,135,23,7,35117.15,0.444,0.166
2020-05-30,25,2808.11,1225,67,61,1,51586.99,0.185,0.171
2021-07-01,33,2428.43,1214,102,37,15,28964.68,0.42,0.168
2023-08-16,35,2936.16,1595,99,60,10,44806.89,0.253,0.132
2023-08-10,5,2829.75,1348,80,46,5,42806.34,0.655,0.052
2026-08-10,35,2702.92,1945,85,72,13,20792.8,0.735,0.134
2026-12-12,9,2066.01,1985,120,64,1,49459.22,0.552,0.057
2022-03-31,20,2085.54,926,70,39,19,52959.58,0.065,0.072
2020-09-04,29,2781.68,1142,67,75,20,65872.98,0.589,0.044
2026-07-08,18,3529.65,1391,64,59,17,23140.86,0.368,0.153
2022-03-26,14,2764.94,1631,127,46,17,63811.29,0.017,0.069
2024-11-22,27,2280.98,1364,74,25,1,66627.81,0.048,0.199
2024-09-13,16,2285.33,822,134,66,5,50684.86,0.523,0.071
2020-04-02,36,3366.73,1259,86,73,6,27324.12,0.21,0.124
2023-07-29,3,3614.21,947,57,70,10,67971.23,0.725,0.143
2020-12-22,1,2060.28,1014,142,71,9,59992.32,0.384,0.129
2020-02-17,26,3597.68,1908,142,65,5,38492.91,0.169,0.043
2022-11-07,9,3240.08,1340,105,74,12,65329.0,0.131,0.184
2025-05-08,36,3011.5,1400,126,75,12,79273.22,0.972,0.063
2026-06-10,17,3633.0,1047,52,51,18,63578.41,0.582,0.112
2025-06-12,25,2101.14,1842,74,42,5,71799.35,0.235,0.001
2020-01-22,22,3624.05,1710,74,67,11,29325.76,0.478,0.109
2023-10-31,28,3086.26,1448,121,73,9,24563.97,0.884,0.192
2022-04-03,7,3585.21,1978,72,78,11,34831.98,0.61,0.069
2022-12-31,6,2847.29,871,123,22,1,37754.71,0.62,0.087
2024-12-16,23,2794.49,1610,125,58,2,41718.37,0.608,0.126
2022-12-14,21,3916.34,805,98,34,13,56007.85,0.37,0.162
2022-05-30,36,2805.43,1806,60,31,3,68017.07,0.206,0.02
2023-11-01,27,2920.46,942,87,66,5,42134.34,0.547,0.103
2023-05-01,19,3574.78,972,114,32,10,40067.17,0.098,0.122
2025-05-28,12,3948.26,925,139,21,3,79685.78,0.293,0.032
2022-06-22,28,3413.55,1439,55,31,17,70889.83,0.934,0.072
2024-06-01,26,3186.89,1312,63,38,20,73184.65,0.223,0.178
2021-07-16,30,2728.09,1958,53,31,17,45517.67,0.745,0.06
2021-08-21,28,2563.56,940,136,47,13,27421.07,0.881,0.089
2020-01-08,9,2391.92,1425,100,23,17,64586.17,0.6,0.19
2021-07-10,31,2775.52,1179,73,28,18,30666.61,0.102,0.05
2020-04-28,20,2224.3,963,77,24,10,52119.57,0.107,0.097
2021-04-09,21,2739.13,841,109,60,10,66579.71,0.699,0.015
2021-01-18,25,3805.82,933,119,35,20,40829.5,0.267,0.022
2023-08-20,20,2452.88,1039,115,22,16,24118.39,0.864,0.151
2021-03-07,18,2771.66,944,113,53,18,62176.07,0.554,0.171
2025-11-09,27,3356.96,1449,132,61,6,55713.97,0.001,0.137
2021-01-18,29,2826.38,1093,108,48,15,55317.32,0.565,0.084
2021-04-15,8,2398.33,1767,143,55,8,78019.26,0.229,0.038
2025-02-11,37,3134.39,1775,99,38,1,68470.66,0.039,0.042
2023-11-22,35,2031.91,1339,108,29,10,53730.89,0.024,0.182
2025-08-05,20,3972.7,833,138,20,1,51359.09,0.839,0.149
2022-11-09,31,3226.67,809,117,54,12,25092.03,0.906,0.194
2023-11-13,1,3572.71,894,147,43,1,42102.62,0.5,0.007
2021-10-18,19,2942.27,1537,54,46,10,43700.07,0.458,0.065
2023-01-10,8,3890.0,996,144,79,17,34711.6,0.897,0.062
2020-03-19,40,3547.56,1917,134,73,15,43369.0,0.649,0.196
2024-04-04,33,2669.5,1269,56,25,5,69943.28,0.975,0.173
2022-07-23,26,3330.77,1299,101,48,11,47449.41,0.902,0.11
2023-02-25,8,2733.38,1213,84,75,17,46015.73,0.475,0.087
2026-12-30,27,2862.19,1933,148,62,20,62993.8,0.283,0.026
2025-08-01,29,2161.27,1674,94,24,8,61987.11,0.629,0.197
2021-04-03,38,3199.39,1627,101,70,2,71201.21,0.867,0.099
2022-05-07,14,2792.68,1022,125,37,3,57045.68,0.713,0.125
2022-10-31,5,3454.4,1037,80,58,2,56633.29,0.131,0.019
2023-03-19,31,3765.48,1203,112,68,10,72197.81,0.706,0.192
2025-09-07,14,2002.93,1653,130,57,1,62056.88,0.875,0.125
2023-02-26,40,3726.18,1461,52,70,1,22448.79,0.524,0.121
2021-04-11,12,2035.33,1359,54,48,11,43150.22,0.944,0.022
2025-02-21,25,2135.78,1226,76,54,7,78815.18,0.674,0.072
2021-05-25,16,2633.46,1714,74,21,11,36470.84,0.995,0.074
2024-12-11,4,3672.95,1062,100,60,15,73164.47,0.791,0.051
2022-05-13,5,2442.71,827,114,73,5,73994.78,0.901,0.044
2020-02-10,33,3588.69,1479,129,80,11,70868.92,0.987,0.057
2023-07-16,7,3024.72,1651,133,33,18,43713.79,0.447,0.127
2021-08-04,27,3256.43,1298,145,34,9,49400.34,0.033,0.178
2026-08-01,34,3247.8,1456,106,78,9,43154.41,0.909,0.076
2021-05-29,25,2005.63,965,77,55,7,51560.77,0.182,0.192
2021-07-09,33,3790.6,1760,143,74,7,31981.15,0.899,0.017
2026-12-03,13,3353.95,1656,66,71,5,45773.84,0.957,0.161
2024-03-19,9,2607.35,1920,111,47,2,49070.24,0.681,0.037
2026-11-13,9,3063.93,1706,103,37,9,77801.41,0.49,0.163
2020-02-26,13,2285.97,1013,63,30,5,43755.31,0.418,0.016
2022-01-23,1,2860.35,1884,51,46,2,32435.68,0.874,0.199
2025-10-09,25,3057.3,1966,59,75,13,65038.22,0.562,0.035
2022-12-12,34,3680.51,1575,76,45,2,38665.06,0.377,0.135
2022-08-29,26,2817.49,946,75,48,4,47827.98,0.992,0.165
2026-03-05,17,3912.16,1138,122,45,14,35422.9,0.27,0.001
2022-11-07,18,3574.4,942,139,62,12,55327.74,0.305,0.051
2023-09-15,30,3250.04,1035,91,31,19,70205.02,0.793,0.044
2023-02-09,4,3746.85,1769,98,52,20,71640.13,0.971,0.107
2022-05-08,34,2149.41,840,142,49,12,66537.5,0.802,0.075
2021-09-21,23,3383.04,1900,69,78,12,55591.88,0.088,0.134
2021-07-02,21,3732.53,1518,148,35,8,52957.6,0.16,0.085
2023-03-28,8,3398.76,1311,128,51,20,65425.36,0.108,0.064
2026-11-22,12,2362.99,1933,83,67,6,73667.02,0.959,0.068
2020-03-30,17,3792.05,1594,119,32,13,21285.39,0.527,0.034
2024-05-17,26,3017.45,1096,98,53,14,29136.73,0.968,0.087
2025-05-11,29,3377.79,1081,109,35,11,22547.04,0.751,0.058
2025-06-12,37,2288.78,1574,79,21,18,61216.8,0.861,0.12
2025-12-24,37,3226.35,1152,72,23,18,58914.78,0.007,0.189
2025-09-26,20,2597.72,1310,63,41,20,45038.14,0.475,0.102
2020-01-07,33,3005.85,830,101,51,13,55921.6,0.048,0.119
2025-10-12,9,2835.8,1782,82,40,13,74963.72,0.569,0.162
2023-12-19,7,3597.09,1873,59,68,6,58891.43,0.895,0.086
2021-02-02,32,3595.38,1149,50,46,5,22610.37,0.984,0.187
2024-08-09,8,2762.09,991,102,46,2,53084.22,0.666,0.153
2023-11-10,11,2000.96,1788,63,51,11,21883.28,0.543,0.158
2022-07-21,25,3223.86,1600,111,49,8,71720.19,0.304,0.142
2023-06-17,38,2379.29,924,91,64,18,53941.27,0.905,0.027
2024-11-30,36,2344.26,900,126,64,17,23348.07,0.899,0.183
2021-06-25,12,2616.91,1953,120,48,19,32739.83,0.441,0.119
2021-12-12,32,3967.22,1616,104,46,13,76164.36,0.224,0.097
2024-07-24,36,3496.64,1736,142,72,4,65861.07,0.167,0.199
2022-06-02,13,3960.06,809,90,24,16,72560.42,0.258,0.087
2021-04-22,28,2455.04,1095,134,35,5,77557.2,0.639,0.036
2021-04-25,13,3801.1,1249,110,35,9,74570.91,0.992,0.15
2021-03-04,19,3130.92,1507,95,22,10,73813.43,0.274,0.014
2023-06-17,24,2384.03,1757,128,20,16,28755.09,0.708,0.099
2020-12-09,5,3460.36,1150,108,55,1,38195.55,0.117,0.074
2023-10-25,30,2550.83,1162,150,57,5,35818.7,0.194,0.154
2025-02-02,2,3745.05,1003,112,35,17,40039.32,0.738,0.198
2025-08-18,9,3129.05,1781,63,36,2,28787.46,0.189,0.104
2021-08-17,29,2890.09,1219,70,43,2,77169.07,0.804,0.094
2024-07-19,19,2653.43,977,69,79,12,40612.93,0.123,0.15
2020-08-18,39,3208.51,936,66,68,4,45231.34,0.77,0.17
2025-04-21,16,2172.83,1744,86,27,6,49443.72,0.667,0.063
2026-08-19,28,2271.55,1670,115,68,1,36470.78,0.512,0.124
2020-11-02,37,2596.51,1170,150,77,16,66354.99,0.881,0.023
2022-12-13,1,2728.86,1771,128,45,7,50881.35,0.354,0.187
2021-09-21,35,3540.92,808,150,35,3,48828.11,0.254,0.179
2023-01-05,17,3624.08,1883,56,78,20,66939.5,0.981,0.083
2023-04-29,19,2246.95,1169,140,36,14,77437.86,0.401,0.193
2024-10-23,26,3735.47,1197,127,69,4,63413.16,0.503,0.107
2026-12-18,22,3079.6,856,100,79,5,78082.55,0.292,0.068
2020-07-20,6,2602.5,1160,73,23,8,43624.04,0.07,0.005
2026-05-29,36,2651.23,916,148,25,11,64507.41,0.358,0.003
2025-11-02,22,3213.21,1177,66,50,6,48616.43,0.21,0.18
2021-04-07,12,3235.0,1127,55,71,18,27052.14,0.289,0.142
2024-05-09,13,2589.64,1862,65,45,20,46301.08,0.544,0.063
2020-03-10,30,2969.67,1472,128,34,14,30676.44,0.123,0.042
2026-02-25,35,3932.79,1505,143,72,14,56401.43,0.816,0.028
2023-09-14,10,2310.59,1511,71,23,14,61720.13,0.404,0.161
2021-04-22,9,2641.21,961,113,74,1,76120.38,0.667,0.027
2024-05-26,27,2281.33,1967,98,73,10,41743.9,0.728,0.061
2020-12-11,8,3670.82,1064,119,68,20,73025.01,0.889,0.073
2025-04-06,29,3380.1,862,66,77,3,68339.72,0.907,0.098
2022-11-01,40,3538.68,1889,131,69,8,71745.97,0.318,0.043
2022-04-28,32,2220.17,1629,82,28,11,44365.44,0.375,0.174
2020-01-18,36,3673.73,1777,102,73,3,23643.16,0.387,0.186
2020-08-11,40,2851.72,1794,55,74,7,25901.59,0.892,0.032
2024-09-15,36,2755.78,1367,86,75,17,48199.56,0.797,0.055
2024-08-23,5,3048.44,1475,100,57,2,45647.63,0.672,0.183
2023-12-16,37,3731.35,1881,79,59,4,49419.32,0.792,0.105
2020-06-14,37,2778.43,1273,68,49,11,34460.68,0.29,0.008
2020-09-08,39,2930.4,1529,139,31,1,77811.85,0.409,0.049
2024-04-01,19,2189.94,1627,137,30,20,26942.06,0.44,0.111
2021-05-13,24,3691.47,906,140,23,15,38433.67,0.223,0.015
2022-10-19,20,2381.63,1080,63,52,19,20622.31,0.777,0.158
2026-02-10,39,2194.53,1391,126,62,15,53165.23,0.175,0.059
2025-09-05,35,3359.91,1876,97,33,11,36603.94,0.392,0.063
2022-09-06,20,3190.1,1437,90,35,5,60851.36,0.824,0.078
2023-10-29,17,2401.23,1796,53,59,1,67465.15,0.064,0.101
2021-12-30,32,2226.33,1156,111,64,13,28458.3,0.486,0.053
2020-10-17,16,3415.88,1764,67,22,15,48483.6,0.721,0.15
2022-12-30,33,2069.34,1603,123,50,4,22902.96,0.786,0.049
2024-12-25,6,3143.79,1882,149,70,10,59733.5,0.863,0.186
2026-02-10,35,2324.76,1515,64,75,11,24031.94,0.196,0.007
2023-09-30,15,2964.31,1775,109,30,11,73601.39,0.469,0.1
2022-06-24,32,2231.63,1361,122,48,4,75399.71,0.163,0.161
2020-07-05,20,3114.07,848,118,20,6,20033.79,0.561,0.176
2026-08-08,30,2835.65,863,50,76,6,41238.5,0.723,0.011
2022-11-17,21,3291.8,971,53,59,17,48596.03,0.087,0.13
2021-02-13,13,3901.31,965,120,58,14,71202.62,0.205,0.051
2022-06-20,17,3935.98,1302,120,42,13,51606.58,0.825,0.013
2020-09-28,23,3012.46,1799,59,49,12,42986.81,0.113,0.042
2024-09-20,16,3032.88,1533,68,32,16,21662.05,0.639,0.094
2024-02-06,26,3364.04,1216,101,33,15,53801.28,0.105,0.185
2023-06-30,17,2427.84,1036,141,52,7,67268.36,0.023,0.18
2023-04-25,35,2808.07,1752,126,54,1,73495.26,0.73,0.029
2023-03-23,10,2223.17,1026,141,46,2,77206.99,0.611,0.019
2025-10-01,12,3404.5,1191,60,20,1,56728.41,0.983,0.17
2020-11-06,18,3608.56,1177,88,79,9,31844.22,0.847,0.13
2022-10-20,36,2296.3,1073,134,30,3,25329.44,0.085,0.051
2022-10-15,21,3879.99,1122,145,43,13,39938.21,0.568,0.092
2023-03-26,33,3552.98,1918,149,56,2,61163.14,0.433,0.054
2026-10-12,35,2346.51,1427,68,34,12,62506.33,0.274,0.102
2023-04-22,30,2373.24,1760,128,76,13,65458.66,0.228,0.047
2022-08-22,18,2194.58,827,136,63,15,22434.11,0.518,0.163
2020-04-19,31,3153.54,1255,77,55,7,31128.69,0.405,0.076
2024-10-25,5,2594.77,1310,67,31,9,37036.27,0.594,0.073
2022-06-03,16,2422.77,1800,53,42,7,39582.26,0.243,0.073
2025-08-11,32,2780.67,1307,92,23,6,29524.91,0.566,0.183
2020-10-05,18,3126.46,1061,63,40,7,32722.92,0.271,0.137
2020-07-28,13,2563.36,815,134,45,5,60366.91,0.769,0.138
2020-12-10,30,2734.45,965,69,49,14,59907.91,0.183,0.121
2023-01-23,25,2850.81,1207,56,77,12,26118.87,0.945,0.14
2021-10-07,7,3636.84,823,113,80,5,62772.68,0.987,0.11
2024-01-30,35,3028.82,1610,63,76,18,71915.99,0.649,0.13
2026-10-01,32,2783.25,1234,131,35,14,67556.3,0.493,0.006
2021-10-05,15,2618.24,1914,80,59,17,73986.17,0.084,0.048
2020-07-16,15,3960.07,879,72,54,7,46612.61,0.48,0.149
2021-03-02,35,2147.8,1104,97,40,8,38900.59,0.699,0.012
2020-04-07,25,3942.99,1590,87,45,1,21425.87,0.773,0.152
2026-09-25,30,3359.25,1000,121,29,13,23740.49,0.172,0.146
2022-09-03,32,3966.33,1583,142,69,7,63699.16,0.174,0.004
2026-04-30,32,3512.23,1965,136,44,6,24163.87,0.879,0.071
2021-03-09,31,3115.4,1712,84,52,13,22460.32,0.442,0.152
2025-01-17,9,3574.67,896,99,27,18,39372.72,0.935,0.005
2026-11-05,20,3871.68,1156,54,38,3,69792.17,0.935,0.102
2022-03-18,25,2170.55,1339,133,54,3,21716.54,0.288,0.076
2023-10-03,28,3210.72,956,95,72,8,58677.55,0.362,0.185
2020-11-26,20,3044.28,1478,105,28,13,35013.91,0.398,0.058
2023-09-04,15,2504.01,1521,112,33,11,35577.71,0.86,0.155
2026-01-05,25,3135.08,1175,119,34,4,31297.46,0.441,0.018
2023-06-18,5,3338.56,826,140,30,18,26455.55,0.503,0.037
2020-10-25,22,2729.06,1008,106,60,3,58797.66,0.2,0.085
2023-06-30,6,3293.38,1182,131,24,13,47183.39,0.206,0.099
2021-07-06,9,2858.11,993,79,24,10,29923.59,0.831,0.11
2024-02-02,36,3846.94,1775,97,57,16,21871.1,0.175,0.16
2021-10-10,34,2738.32,1082,134,64,11,29112.19,0.022,0.031
2026-08-27,19,3159.65,1091,143,73,3,59577.48,0.108,0.095
2023-02-03,24,3463.42,968,116,70,18,77672.23,0.868,0.037
2026-11-28,29,3974.24,1598,65,75,12,64903.82,0.423,0.064
2024-07-28,8,2319.9,1990,74,69,11,53174.21,0.789,0.115
2026-04-03,23,3465.93,1446,73,66,14,32918.07,0.711,0.184
2023-01-06,37,2458.14,1507,112,71,14,60042.69,0.878,0.125
2025-06-30,18,3989.53,1448,106,46,13,48691.86,0.91,0.003
2026-03-07,32,3041.03,1004,76,49,3,32410.77,0.961,0.023
2025-12-25,31,3999.2,1002,126,73,1,24316.7,0.126,0.123
2022-12-29,15,3020.75,1226,95,32,2,60778.82,0.948,0.095
2024-06-10,27,3872.04,1304,68,43,10,22281.87,0.076,0.161
2023-04-11,3,2201.92,863,145,24,5,75306.03,0.957,0.117
2025-12-15,33,3915.44,1784,147,68,19,63304.97,0.587,0.159
2026-01-11,35,2303.45,1850,57,64,18,70683.66,0.937,0.021
2026-07-11,35,3616.71,1724,118,46,6,71584.91,0.996,0.01
2022-08-12,23,3329.79,1421,59,35,13,42102.62,0.274,0.069
2022-12-07,4,2206.63,1354,86,78,19,38822.92,0.744,0.193
2023-05-11,37,3175.27,1543,55,30,12,26133.75,0.724,0.066
2023-01-06,12,3000.19,1078,108,45,9,75653.68,0.661,0.015
2025-09-22,3,3732.51,1823,98,73,9,39290.79,0.777,0.048
2026-07-15,1,3882.45,1278,93,65,12,68103.33,0.512,0.094
2026-01-30,5,3511.27,1911,99,42,8,29466.17,0.79,0.165
2025-08-12,27,2063.4,1070,77,36,13,44328.89,0.123,0.099
2020-08-01,31,3832.53,1086,101,22,14,73200.99,0.661,0.154
2023-06-09,15,2901.1,874,85,40,18,77768.28,0.258,0.194
2022-12-08,35,3340.27,1920,144,45,4,69155.33,0.98,0.04
2026-06-25,3,3765.89,1330,53,54,13,34576.6,0.659,0.148
2023-12-08,20,2497.22,1407,132,34,18,54580.48,0.91,0.111
2026-07-20,1,3721.11,1118,140,39,1,78398.54,0.141,0.002
2026-10-04,26,3432.04,1243,141,54,3,66229.72,0.991,0.187
2026-09-22,14,3050.27,1933,50,56,14,66731.24,0.178,0.136
2023-05-05,36,3734.67,1416,102,77,6,64961.44,0.863,0.128
2024-04-28,23,3576.57,1721,123,49,15,78885.22,0.654,0.157
2025-10-09,4,2726.27,1023,120,60,5,51449.99,0.002,0.169
2022-01-27,12,2696.97,1405,103,22,15,58849.82,0.154,0.108
2021-01-28,32,3337.26,1486,146,52,14,51042.48,0.861,0.043
2026-07-21,21,3269.52,1276,126,31,10,73993.99,0.379,0.132
2025-02-03,25,2659.25,1815,134,46,2,57412.55,0.397,0.171
2020-11-09,15,2237.58,812,130,75,4,35052.51,0.821,0.109
2024-07-15,18,3824.28,1046,127,43,6,34558.67,0.29,0.1
2026-04-23,31,3654.57,1557,86,43,11,34411.76,0.304,0.147
2022-11-26,8,3471.09,1332,59,51,13,34920.14,0.897,0.167
2021-11-04,30,3517.98,1094,91,39,6,29832.74,0.231,0.124
2022-03-01,7,2482.18,1472,126,50,12,34425.23,0.436,0.179
2020-06-09,15,2307.05,1337,115,57,10,65902.46,0.218,0.008
2021-10-17,24,2135.44,1311,85,36,3,52821.78,0.932,0.158
2021-11-06,15,2097.5,1932,59,33,9,23840.09,0.166,0.056
2024-01-26,8,3914.75,1202,129,39,14,24251.17,0.494,0.088
2026-06-23,10,2318.04,1677,112,39,7,34600.5,0.95,0.103
2021-06-07,23,3156.31,1498,111,42,13,51586.79,0.186,0.018
2023-09-04,1,3592.42,1563,111,58,2,36967.35,0.529,0.197
2020-02-28,35,3794.72,906,108,63,12,55471.55,0.953,0.033
2023-02-05,28,3893.77,1397,66,31,8,38534.98,0.943,0.084
2024-02-23,23,3135.11,1339,125,80,3,41242.41,0.947,0.129
2020-08-06,31,2982.1,1661,114,63,11,77016.66,0.019,0.193
2020-02-17,7,3613.06,1564,150,29,9,23095.35,0.701,0.082
2023-08-07,10,2205.22,1046,73,44,4,70939.79,0.987,0.133
2024-04-15,33,2945.52,882,94,32,20,45610.84,0.191,0.109
2021-02-17,20,3698.9,1584,94,41,17,52574.6,0.36,0.021
2023-07-31,11,3925.71,1185,107,26,14,54041.44,0.38,0.137
2026-12-04,32,2095.46,829,144,29,10,22545.64,0.841,0.099
2026-01-04,19,2121.35,1145,90,31,14,62413.17,0.451,0.169
2020-10-16,10,3160.74,835,94,79,17,63759.11,0.447,0.032
2021-05-04,4,3535.4,1704,58,61,11,61017.29,0.942,0.134
2023-01-04,11,3212.85,1032,93,33,13,24756.31,0.95,0.041
2023-08-22,8,3390.63,1801,81,69,7,50798.68,0.571,0.046
2023-09-29,12,3098.34,939,55,52,7,73531.34,0.07,0.087
2022-12-19,22,2642.14,982,124,78,3,65362.86,0.651,0.112
2026-07-17,20,3423.14,1487,117,37,4,26867.89,0.63,0.065
2021-05-05,21,3217.67,1143,79,69,7,64698.56,0.26,0.01
2025-09-28,4,3267.76,1913,120,67,6,43913.73,0.678,0.168
2024-04-17,19,3012.43,1084,127,78,14,28307.17,0.168,0.019
2025-05-17,20,2034.03,1048,100,60,19,39870.45,0.262,0.053
2025-08-06,23,2407.11,1885,71,40,11,56453.43,0.958,0.158
2022-08-01,28,3435.05,1567,73,39,10,34157.87,0.374,0.053
2025-06-29,22,3252.69,1572,71,24,16,38000.64,0.992,0.16
2025-03-08,20,2695.92,1586,106,56,17,46149.03,0.55,0.017
2022-11-09,9,3732.21,1473,53,33,18,32773.21,0.362,0.106
2023-03-02,6,3725.14,1630,125,39,17,77781.78,0.963,0.045
2022-04-26,1,2467.71,1504,104,52,17,30998.1,0.669,0.052
2020-01-01,40,3263.14,1427,69,78,8,48519.98,0.037,0.137
2026-01-16,6,3811.61,828,120,44,6,63094.08,0.402,0.187
2021-06-19,21,2804.64,1076,71,56,13,57523.77,0.608,0.122
2022-01-08,39,2613.67,1593,129,30,19,41961.23,0.814,0.076
2022-05-24,22,3450.4,978,66,56,9,67450.17,0.971,0.018
2025-12-24,29,2952.96,1309,140,29,20,70960.79,0.699,0.014
2020-06-23,18,3821.34,1184,108,48,11,78255.72,0.002,0.072
2022-07-07,36,3282.36,1444,134,22,19,60079.85,0.243,0.042
2021-05-18,13,3062.66,1549,64,35,17,66173.06,0.152,0.019
2020-07-25,17,3717.78,1857,79,52,3,46859.56,0.701,0.082
2024-12-14,13,2104.28,1815,65,28,15,40384.88,0.258,0.096
2022-06-24,21,3385.1,1610,120,58,8,47418.13,0.115,0.025
2026-10-25,34,3043.55,934,141,32,19,54947.6,0.087,0.061
2025-08-31,13,3876.15,1906,131,55,13,46470.1,0.718,0.141
2022-09-12,27,2072.87,1737,56,79,17,71902.06,0.971,0.008
2024-05-23,30,2725.38,1692,115,33,4,33127.82,0.595,0.159
2022-06-16,6,2142.37,1335,73,71,16,27130.46,0.397,0.093
2024-02-23,3,3307.03,1330,61,30,15,37494.85,0.026,0.162
2024-06-07,40,3272.16,953,146,54,2,77100.31,0.407,0.025
2022-12-05,20,2817.31,1114,85,46,17,28999.49,0.558,0.001
2025-07-15,25,2619.23,1517,84,72,11,64302.95,0.27,0.001
2024-04-16,25,3278.23,1826,135,80,10,44916.36,0.76,0.062
2021-03-27,36,3883.31,1638,61,65,16,35986.43,0.785,0.111
2026-08-26,26,2779.76,1214,103,44,20,23863.41,0.444,0.166
2022-07-12,5,3003.85,1145,141,74,3,44858.02,0.668,0.157
2026-04-18,10,2004.29,1012,115,20,7,54866.97,0.365,0.147
2021-04-11,20,2624.6,1634,85,40,17,56434.4,0.884,0.023
2023-09-01,38,3556.19,1784,87,50,8,62685.08,0.05,0.114
2022-02-16,37,3734.9,1415,64,21,18,41351.91,0.943,0.053
2025-08-05,20,2650.76,1949,80,25,7,61906.06,0.705,0.143
2024-04-24,10,2187.33,1564,111,73,16,40648.73,0.034,0.095
2025-03-21,10,3492.0,1505,112,54,10,75691.98,0.405,0.131
2020-04-20,17,2323.43,1057,55,24,2,24557.83,0.555,0.182
2022-05-05,13,3988.5,851,64,64,14,56315.2,0.142,0.113
2025-02-20,9,3759.9,1222,115,23,1,61967.83,0.902,0.011
2024-03-28,26,3533.48,1029,112,63,7,47505.47,0.789,0.157
2025-10-20,18,3571.13,1882,116,48,5,30847.47,0.9,0.155
2023-07-08,22,3605.63,1594,147,67,9,70933.05,0.823,0.039
2020-10-11,37,3296.17,825,59,44,6,31612.62,0.407,0.026
2021-11-24,38,2727.13,1896,129,28,19,27404.18,0.534,0.063
2020-06-02,14,2973.93,1768,87,22,5,61818.31,0.486,0.134
2022-07-03,16,2735.54,1694,133,75,3,36055.35,0.712,0.134
2020-06-23,36,2131.97,1675,84,70,20,28312.52,0.181,0.055
2025-07-19,30,2335.01,1256,115,29,7,54702.19,0.546,0.089
2021-02-21,30,3904.2,1402,98,47,20,55697.98,0.248,0.079
2020-02-23,31,3335.14,1639,74,51,15,47339.34,0.191,0.053
2026-08-10,19,2250.89,1975,63,36,11,53991.28,0.069,0.003
2026-06-10,12,2642.96,996,140,59,12,40745.09,0.677,0.124
2023-11-18,33,3227.07,1657,109,41,2,67360.45,0.512,0.121
2024-03-28,37,2473.13,1278,136,69,13,56329.39,0.156,0.076
2025-10-09,19,3634.03,1344,90,34,13,57800.6,0.609,0.193
2025-07-13,2,3891.93,1603,135,51,17,34776.01,0.289,0.064
2026-04-29,28,2475.63,1536,125,50,4,65685.21,0.876,0.023
2026-03-04,16,2415.95,1864,56,46,4,38768.36,0.76,0.104
2025-01-12,35,2312.41,1018,61,71,13,50422.8,0.083,0.191
2022-05-17,18,3847.66,1100,125,60,18,58298.4,0.054,0.069
2023-03-09,29,2310.06,1887,87,72,5,20119.73,0.77,0.016
2020-05-02,39,3684.48,1112,71,28,18,20933.84,0.247,0.059
2021-01-20,32,3137.17,1769,120,60,10,77845.5,0.91,0.022
2024-04-05,1,2017.9,1400,72,27,6,26832.58,0.07,0.107
2023-05-31,25,2410.43,996,116,20,14,42559.97,0.668,0.002
2022-07-22,8,3941.56,803,127,75,17,25735.39,0.605,0.007
2021-12-02,36,2851.2,1575,66,45,19,40201.56,0.996,0.064
2025-08-11,15,3148.99,1721,61,37,11,62216.43,0.177,0.16
2023-01-22,12,3924.9,1310,124,38,15,41246.44,0.347,0.151
2021-04-19,26,2284.87,1549,142,73,12,61653.21,0.972,0.18
2025-04-16,23,3375.37,1004,99,77,8,61086.51,0.442,0.014
2026-08-19,40,3097.38,1687,147,42,16,43289.65,0.577,0.16
2021-09-21,32,2610.47,1713,99,79,12,57983.13,0.68,0.035
2025-04-04,2,2191.21,1462,65,29,5,42023.38,0.267,0.028
2021-12-27,40,3316.64,1214,146,35,19,56854.92,0.473,0.184
2021-08-07,29,2283.94,951,89,49,16,32249.98,0.633,0.152
2021-08-07,35,3084.68,1240,106,67,17,72290.81,0.319,0.11
2023-12-18,10,3285.2,1966,76,41,2,65247.53,0.526,0.161
2025-12-07,36,3185.17,1800,93,73,11,23401.02,0.4,0.085
2023-04-01,20,3523.55,975,77,76,7,55169.72,0.259,0.083
2021-03-14,40,3298.51,874,147,37,4,38143.86,0.938,0.15
2025-09-22,38,3524.6,1834,127,32,8,53491.48,0.537,0.119
2022-03-10,2,3397.34,1578,103,33,9,51541.51,0.489,0.165
2026-10-28,35,2235.19,1549,89,26,6,27563.37,0.629,0.033
2026-08-20,36,3485.45,1580,71,59,6,69518.63,0.855,0.159
2024-12-25,21,3913.23,1744,50,78,11,39862.93,0.811,0.067
2023-08-01,26,2571.5,851,109,24,15,79605.79,0.122,0.041
2025-01-31,22,2231.36,1696,93,35,17,25187.82,0.197,0.014
2025-04-02,13,3257.82,826,127,52,3,57284.9,0.831,0.045
2022-10-27,30,2760.42,1316,85,75,4,59893.17,0.329,0.118
2020-10-28,1,2012.9,1541,105,76,11,65854.9,0.45,0.08
2021-09-02,8,2980.61,1733,69,70,20,73644.43,0.667,0.005
2022-04-01,23,3553.14,979,91,31,15,56169.41,0.371,0.065
2022-04-17,2,2494.18,1716,81,76,12,46935.95,0.107,0.092
2026-03-29,14,2762.83,1434,94,35,15,53835.22,0.979,0.037
2026-01-20,33,2051.0,1931,89,27,4,50325.45,0.383,0.151
2023-04-22,37,3519.58,889,82,44,7,67854.21,0.009,0.039
2020-07-29,7,2043.23,1656,132,70,14,39890.3,0.304,0.164
2024-04-05,18,2385.55,1847,101,70,16,74252.53,0.901,0.017
2026-11-02,23,2293.14,1383,107,67,11,63480.79,0.823,0.038
2023-04-16,27,2393.55,1191,124,60,20,71160.91,0.265,0.046
2026-03-01,14,2423.63,1465,57,74,4,32405.96,0.132,0.028
2025-03-31,9,2813.05,1069,53,52,7,25379.99,0.622,0.176
2022-12-04,26,2782.55,1095,150,76,5,52173.85,0.404,0.198
2020-04-19,34,2292.05,831,59,63,17,62409.62,0.67,0.19
2025-03-14,35,2678.3,1859,101,36,4,24388.31,0.321,0.166
2020-10-03,8,2704.79,1670,58,46,6,34191.42,0.08,0.147
2020-02-10,22,2959.06,1685,139,62,1,26552.14,0.555,0.004
2022-07-08,37,3649.66,1790,108,32,1,33772.01,0.701,0.197
2020-02-04,17,2740.36,1411,137,27,2,43436.98,0.342,0.038
2020-04-12,27,3062.74,1559,66,53,2,47936.06,0.506,0.184
2024-01-15,7,3914.09,998,116,52,4,34957.86,0.315,0.175
2023-12-17,2,3451.87,1004,74,29,8,23842.82,0.181,0.064
2025-11-04,16,2121.34,1299,81,79,6,54917.56,0.443,0.085
2021-01-07,2,2841.9,1646,72,21,1,43523.28,0.213,0.059
2020-05-22,3,3296.7,1557,52,75,17,73265.56,0.369,0.19
2023-08-26,36,3131.19,1077,123,76,12,71133.14,0.049,0.188
2020-06-20,38,3180.8,1455,133,36,6,76576.79,0.818,0.172
2025-06-12,15,2581.04,1956,103,71,8,31284.71,0.432,0.178
2025-03-08,17,3044.61,1764,82,55,5,23300.01,0.925,0.039
2025-06-09,31,2045.57,1830,142,70,1,28512.31,0.388,0.125
2025-10-01,21,3968.95,1208,98,38,5,23145.78,0.951,0.185
2022-06-07,26,3682.99,1130,88,77,13,66746.47,0.839,0.124
2020-07-28,39,3077.78,1574,113,65,10,22857.19,0.554,0.084
2025-04-07,32,3245.81,1054,56,48,13,53110.82,0.523,0.165
2023-10-12,7,3570.26,1563,59,25,11,56002.93,0.381,0.053
2020-11-06,12,2446.66,1012,68,69,18,67124.9,0.517,0.194
2021-01-29,13,3525.21,1033,115,39,13,69544.15,0.919,0.176
2020-08-17,13,3326.47,1386,77,71,20,57373.9,0.64,0.181
2024-02-08,18,3796.5,1216,63,67,20,33078.86,0.292,0.036
2022-09-11,27,2788.53,1630,92,57,9,54123.8,0.562,0.034
2021-12-05,1,2769.27,1879,70,73,19,34201.64,0.044,0.015
2023-11-28,33,2152.09,1480,139,26,18,52211.92,0.545,0.085
2020-01-21,37,2723.96,1673,64,33,15,50344.16,0.101,0.008
2026-06-06,24,2860.79,1866,149,41,14,54812.85,0.591,0.033
2023-09-16,3,2371.02,920,108,48,14,36337.43,0.761,0.112
2022-04-03,16,3582.6,1639,75,72,20,21607.84,0.395,0.157
2021-12-18,31,2262.65,1621,54,61,18,23703.11,0.27,0.132
2024-04-04,27,2944.36,1590,105,26,18,70522.28,0.803,0.151
2025-01-22,26,2381.01,1818,62,25,5,38588.39,0.017,0.125
2024-03-22,21,2418.49,941,125,63,11,25487.35,0.046,0.172
2022-02-17,6,3285.02,1316,137,26,7,21859.6,0.969,0.115
2024-11-05,28,2881.33,1074,118,51,13,53692.3,0.185,0.15
2024-08-20,16,2463.96,1232,122,26,7,67163.95,0.204,0.107
2025-05-22,32,2267.24,924,121,73,5,28702.73,0.456,0.136
2020-11-07,10,3475.87,978,135,40,11,65885.87,0.288,0.135
2024-05-17,12,2997.62,1775,117,55,3,48476.89,0.195,0.11
2024-12-22,26,2403.41,1339,100,63,5,30405.93,0.824,0.046
2023-10-21,15,3114.04,1975,69,56,3,50269.0,0.577,0.054
2024-10-26,18,3711.32,850,60,45,8,40622.11,0.425,0.051
2022-10-27,2,2221.86,1424,75,33,8,72978.12,0.875,0.17
2021-07-22,7,2197.68,942,94,53,12,20659.55,0.846,0.125
2022-12-01,16,3193.59,1137,74,59,5,44325.3,0.236,0.076
2024-02-15,6,2646.75,1844,136,67,11,72946.38,0.935,0.117
2022-12-17,30,3410.8,993,102,61,16,51443.04,0.924,0.196
2025-06-20,1,3967.12,834,71,66,16,42621.62,0.417,0.195
2026-03-24,22,3480.07,984,138,79,11,76923.26,0.369,0.189
2022-06-30,5,2332.49,1616,75,58,10,20387.11,0.876,0.185
2021-03-10,36,2070.94,1171,93,56,16,76032.34,0.029,0.153
2020-12-09,12,3938.76,1706,100,31,6,54684.01,0.387,0.034
2024-07-27,4,3150.43,863,76,31,1,46538.02,0.908,0.186
2021-01-18,20,2310.54,1377,104,23,3,75867.48,0.484,0.029
2023-04-15,8,2567.55,1093,59,44,20,51561.56,0.44,0.096
